bank,pc,count
00,2000,1
00,2001,6
00,2002,6
00,2007,5
00,2010,1
00,2011,1
00,2012,6
00,2015,11
00,2016,22
00,2017,9
00,2020,9
00,2021,9
00,2022,9
00,2023,6
00,2025,3
00,2026,3
00,2027,3
00,2030,3
00,2031,1
00,2032,1
00,2033,2
00,2034,2
00,2035,2
00,2036,4
00,2037,4
00,2040,4
00,2041,4
00,2042,4
00,2043,4
00,2044,4
00,2045,4
00,2046,4
00,2047,4
00,2050,1
00,2051,1
00,2052,1
00,2053,1
00,2054,1
00,2055,1
00,2056,1
00,2057,1
00,2060,13
00,2061,13
00,2062,13
00,2064,13
00,2065,13
00,2066,13
00,2067,13
00,2070,13
00,2071,13
00,2072,13
00,2073,12
00,2074,12
00,2075,12
00,2076,12
00,2077,12
00,2100,12
00,2101,6
00,2102,104
00,2103,118
00,2104,118
00,2105,118
00,2106,118
00,2107,118
00,2110,118
00,2111,118
00,2113,118
00,2114,98
00,2115,20
00,2116,5
00,2117,5
00,2120,15
00,2121,13
00,2122,13
00,2123,13
00,2124,13
00,2125,11
00,2127,4
00,2130,4
00,2131,4
00,2132,4
00,2133,4
00,2134,4
00,2135,4
00,2136,4
00,2137,4
00,2140,4
00,2141,4
00,2142,4
00,2143,4
00,2144,6
00,2145,17
00,2146,17
00,2147,17
00,2150,17
00,2151,17
00,2153,17
00,2154,17
00,2155,17
00,2156,17
00,2157,17
00,2161,17
00,2162,17
00,2163,17
00,2164,17
00,2165,17
00,2167,17
00,2170,6
00,2171,11
00,2214,24
00,2215,24
00,2216,20
00,2217,4
00,2220,4
00,2221,4
00,2223,4
00,2224,20
00,2225,20
00,2226,20
00,2227,20
00,2230,20
00,2231,20
00,2232,20
00,2233,2
00,2234,14
00,2236,6
00,2240,4
00,2241,2
00,2242,2
00,2243,2
00,2244,2
00,2277,4
00,2300,4
00,2301,4
00,2302,4
00,2303,7
00,2304,7
00,2305,7
00,2306,7
00,2307,7
00,2310,7
00,2311,7
00,2315,7
00,2316,7
00,2317,7
00,2321,7
00,2332,2
00,2333,2
00,2334,2
00,2335,2
00,2342,14
00,2344,14
00,2346,14
00,2347,14
00,2350,14
00,2351,14
00,2352,14
00,2353,11
00,2354,11
00,2355,11
00,2356,11
00,2357,11
00,2360,1
00,2361,10
00,2363,10
00,2364,10
00,2365,10
00,2366,9
00,2370,1
00,2402,10
00,2403,10
00,2405,11
00,2406,11
00,2407,11
00,2410,11
00,2411,11
00,2412,11
00,2413,1
00,2414,10
00,2415,10
00,2422,1
00,2424,1
00,2426,1
00,2430,1
00,2516,1
00,2517,1
00,2562,6
00,2563,6
00,2564,6
00,2565,6
00,2570,6
00,2571,6
00,2572,6
00,2573,6
00,2574,6
00,2575,6
00,2576,6
00,2577,6
00,2600,6
00,2601,6
00,2606,6
00,2607,6
00,2610,4
00,2611,4
00,2612,4
00,2613,4
00,2614,4
00,2615,4
00,2620,2
00,2621,2
00,2622,2
00,2623,2
00,2624,6
00,2625,6
00,2626,6
00,2627,6
00,2630,17
00,2631,17
00,2632,4
00,2634,9
00,2635,4
00,2636,4
00,2637,4
00,2640,4
00,2641,4
00,3010,3
00,3011,3
00,3012,3
00,3013,3
00,3014,3
00,3015,3
00,3016,3
00,3017,3
00,3020,3
00,3021,3
00,3022,3
00,3023,1
00,3024,3
00,3025,3
00,3026,3
00,3027,3
00,3030,3
00,3031,3
00,3032,3
00,3033,3
00,3034,3
00,3036,3
00,3037,3
00,3040,3
00,3041,3
00,3042,3
00,3043,3
00,3044,2
00,3045,1
00,3046,1
00,3047,1
00,3050,1
00,3051,2
00,3052,2
00,3053,2
00,3056,2
00,3065,2
00,3066,2
00,3074,2
00,3075,2
00,3076,2
00,3077,2
00,3100,2
00,3101,2
00,3102,2
00,3103,2
00,3104,2
00,3105,2
00,3106,2
00,3107,2
00,3110,2
00,3111,2
00,3112,2
00,3113,2
00,3114,2
00,3115,2
00,3116,2
00,3117,2
00,3120,2
00,3121,2
00,3122,2
00,3123,2
00,3124,2
00,3125,2
00,3126,2
00,3127,2
00,3130,2
00,3131,2
00,3132,2
00,3151,6
00,3152,3
00,3154,3
00,3162,3
00,3163,3
00,3164,3
00,3165,3
00,3166,3
00,3167,3
00,3170,3
00,3171,3
00,3172,3
00,3173,3
00,3176,6
00,3200,2
00,3201,4
00,3202,4
00,3203,4
00,3204,4
00,3205,4
00,3206,4
00,3207,5
00,3210,5
00,3211,5
00,3213,5
00,3214,5
00,3215,5
00,3216,3
00,3217,3
00,3220,3
00,3221,2
00,3222,2
00,3223,2
00,3224,2
00,3225,2
00,3226,12
00,3227,10
00,3230,1
00,3231,1
00,3232,1
00,3233,1
00,3234,1
00,3235,1
00,3236,1
00,3237,1
00,3240,1
00,3241,1
00,3242,1
00,3243,1
00,3244,1
00,3247,22
00,3250,22
00,3251,22
00,3252,22
00,3253,22
00,3254,22
00,3255,22
00,3256,22
00,3260,20
00,3261,2
00,3262,2
00,3263,2
00,3264,2
00,3265,2
00,3266,2
00,3267,2
00,3270,2
00,3271,2
00,3274,11
00,3275,11
00,3276,11
00,3277,11
00,3300,33
00,3301,33
00,3302,33
00,3303,33
00,3304,33
00,3305,33
00,3306,33
00,3307,33
00,3310,33
00,3311,33
00,3312,33
00,3313,33
00,3314,33
00,3315,33
00,3316,33
00,3317,7
00,3320,7
00,3321,7
00,3322,7
00,3323,7
00,3324,7
00,3325,7
00,3326,7
00,3327,7
00,3330,7
00,3331,7
00,3332,7
00,3333,7
00,3334,7
00,3335,7
00,3337,7
00,3340,7
00,3341,7
00,3342,7
00,3343,8
00,3344,8
00,3345,8
00,3346,4
00,3347,4
00,3351,4
00,3352,4
00,3353,4
00,3354,4
00,3355,4
00,3356,4
00,3360,4
00,3362,4
00,3363,4
00,3364,4
00,3365,4
00,3366,4
00,3370,4
00,3405,4
00,3406,4
00,3407,4
00,3417,4
00,3420,4
00,3421,4
00,3422,4
00,3423,4
00,3424,4
00,3425,4
00,3426,4
00,3427,4
00,3430,4
00,3431,4
00,3432,4
00,3433,4
00,3434,4
00,3435,4
00,3436,4
00,3437,4
00,3440,4
00,3441,4
00,3442,4
00,3443,4
00,3444,4
00,3445,4
00,3446,4
00,3447,4
00,3450,4
00,3451,4
00,3455,4
00,3456,4
00,3457,4
00,3460,4
00,3475,11
00,3476,11
00,3477,11
00,3500,11
00,3501,11
00,3502,15
00,3503,15
00,3504,15
00,3505,15
00,3506,15
00,3507,15
00,3510,15
00,3511,15
00,3512,15
00,3513,11
00,3514,11
00,3515,4
00,3517,6
00,3520,6
00,3523,6
00,3524,6
00,3525,6
00,3526,6
00,3527,6
00,3530,12
00,3531,12
00,3532,12
00,3533,6
00,3534,6
00,3535,6
00,3536,12
00,3537,12
00,3540,12
00,3541,12
00,3542,9
00,3543,3
00,3544,3
00,3545,3
00,3546,3
00,3547,3
00,3550,3
00,3551,3
00,3552,3
00,3553,12
00,3554,12
00,3555,12
00,3556,12
00,3557,12
00,3573,12
00,3574,12
00,3575,12
00,3576,12
00,3577,12
00,3600,12
00,3601,12
00,3602,12
00,3603,12
00,3604,12
00,3605,12
00,3606,12
00,3607,12
01,2344,6
01,2345,6
01,2346,8
01,2347,8
01,2350,8
01,2354,2
01,2355,2
01,2356,2
01,2357,2
01,2364,1
01,2365,1
01,2366,1
01,2367,7
01,2370,7
01,2371,7
01,2427,9
01,2430,9
01,2431,9
01,2432,5
01,2433,5
01,2434,4
01,2435,4
01,2436,4
01,2437,4
01,2440,9
01,2441,15
01,2442,15
01,2443,15
01,2444,2
01,2445,2
01,2446,13
01,2447,7
01,2450,5
01,2451,5
01,2452,2
01,2453,1
01,2454,1
01,2457,7
01,2461,7
01,2467,9
01,2472,9
01,2474,4
01,2477,4
01,2500,2
01,2502,2
01,2507,25
01,2510,19
01,2512,6
01,2513,6
01,2514,6
01,2515,6
01,2516,24
01,2517,24
01,2520,24
01,2521,24
01,2522,24
01,2523,24
01,2524,24
01,2525,24
01,2526,24
01,2527,24
01,2530,24
01,2531,24
01,2532,24
01,2533,24
01,2534,24
01,2535,24
01,2536,24
01,2537,24
01,2540,24
01,2541,4
01,2542,4
01,2543,4
01,2544,4
01,2551,13
01,2552,13
01,2553,17
01,2554,17
01,2555,24
01,2556,24
01,2557,24
01,2560,24
01,2561,24
01,2562,24
01,2563,24
01,2564,4
01,2565,7
01,2566,7
01,2567,4
01,2570,5
01,2574,3
01,2575,3
01,2577,4
01,2600,19
01,2601,2
01,2602,2
01,2603,1
01,2604,1
01,2605,1
01,2620,2
01,2621,2
01,2622,2
01,2623,2
01,2624,2
01,2625,27
01,2626,27
01,2627,27
01,2630,33
01,2631,33
01,2632,33
01,2633,6
01,2636,27
01,2637,27
01,2640,27
01,2641,27
01,2642,27
01,2643,27
01,2644,27
01,2645,5
01,2646,22
01,2647,22
01,2650,22
01,2651,22
01,2655,22
01,2656,22
01,2657,22
01,2660,22
01,2661,5
01,2662,5
01,2663,5
01,2664,5
01,2665,5
01,2666,5
01,2667,5
01,2670,5
01,2674,6
01,2675,6
01,2676,6
01,2677,6
01,2704,4
01,2705,4
01,2706,4
01,2707,4
01,2710,4
01,2711,4
01,2712,4
01,2713,4
01,2714,4
01,2715,4
01,2716,4
01,2717,4
01,2720,4
01,2721,4
01,2722,4
01,2723,4
01,2724,4
01,2725,4
01,2726,4
01,2727,4
01,2730,4
01,2731,4
01,2732,4
01,2733,4
01,2734,4
01,2735,4
01,2736,4
01,2737,4
01,2740,4
01,2741,4
01,2742,4
01,2743,4
01,2746,4
01,2747,4
01,2750,4
01,2751,4
01,2752,4
01,2753,4
01,2754,4
01,2755,4
01,2756,4
01,2757,4
01,2764,6
01,2765,6
01,2766,6
01,2767,6
01,2770,6
01,2771,6
01,2776,1
01,2777,1
01,3000,1
01,3001,1
01,3002,1
01,3003,1
01,3004,1
01,3005,1
01,3006,1
01,3007,3
01,3010,3
01,3023,2
01,3024,2
01,3025,2
01,3026,2
01,3027,16
01,3030,16
01,3031,16
01,3032,2
01,3035,16
01,3036,16
01,3037,16
01,3040,14
01,3041,2
01,3042,2
01,3043,2
01,3072,2
01,3073,2
01,3074,2
01,3075,2
01,3076,2
01,3077,2
01,3100,2
01,3101,2
01,3102,2
01,3103,22
01,3104,22
01,3105,22
01,3106,22
01,3107,22
01,3110,22
01,3111,22
01,3112,22
01,3113,22
01,3114,22
01,3115,1
01,3116,1
01,3117,1
01,3120,25
01,3121,4
01,3123,8
01,3124,25
01,3125,1
01,3130,25
01,3134,25
01,3140,25
01,3144,25
01,3150,25
01,3154,25
01,3157,6
01,3160,19
01,3161,6
01,3162,4
01,3163,2
01,3164,4
01,3165,4
01,3166,4
01,3167,4
01,3170,4
01,3171,5
01,3172,5
01,3173,5
01,3174,5
01,3175,5
01,3201,5
01,3202,5
01,3203,5
01,3204,5
01,3205,5
01,3206,19
01,3207,19
01,3210,22
01,3211,22
01,3212,22
01,3213,22
01,3214,56877
01,3216,21
01,3217,21
01,3220,56856
01,3221,56856
01,3222,56856
01,3223,56856
01,3225,21
01,3226,21
01,3227,21
01,3230,21
01,3407,3
01,3410,3
01,3411,3
01,3412,3
01,3413,3
01,3414,3
01,3415,3
01,3416,3
01,3417,3
01,3420,3
01,3421,3
01,3422,3
01,3423,3
01,3424,3
01,3425,3
01,3426,3
01,3427,3
01,3430,3
01,3431,3
01,3432,3
01,3433,3
01,3434,3
01,3435,3
01,3436,3
01,3437,3
01,3440,3
01,3441,3
01,3442,3
01,3443,3
01,3444,3
01,3445,3
01,3446,3
01,3447,3
01,3450,3
01,3451,3
01,3526,1
01,3527,1
01,3530,1
01,3531,1
01,3532,1
01,3533,1
01,3534,1
01,3535,1
01,3536,1
01,3537,1
01,3541,1
01,3542,1
01,3544,1
01,3545,1
01,3550,1
01,3565,1
02,4000,1
02,4001,1
02,4002,1
02,4003,1
02,4010,301
02,4011,301
02,4012,301
02,4013,301
02,4014,3
02,4015,3
02,4016,3
02,4017,3
02,4020,372
02,4021,372
02,4022,372
02,4023,372
02,4024,18
02,4025,18
02,4026,18
02,4027,18
02,4040,1431
02,4041,1431
02,4042,1431
02,4043,1431
02,4155,1
02,4156,1
02,4157,1
02,4160,1
02,4161,1
02,4163,1
02,4164,1
02,4165,1
02,4166,1
02,4167,1
02,4170,1
02,4171,1
02,4172,1
02,4173,1
02,4174,1
02,4175,1
02,4176,1
02,4177,1
02,4200,1
02,4202,1
02,4203,1
02,4204,1
02,4205,1
02,4206,1
02,4207,1
02,4210,1
02,4211,1
02,4212,1
02,4213,1
02,4214,1
02,4215,1
02,4216,1
02,4220,1
02,4222,1
02,4224,1
02,4226,1
02,4255,1
02,4256,1
02,4257,1
02,4260,1
02,4261,1
02,4262,1
02,4264,1
02,4265,1
02,4267,1
02,4303,2
02,4304,2
02,4305,2
02,4306,2
02,4307,2
02,4310,2
02,4322,1
02,4323,1
02,4324,1
02,4325,1
02,4326,1
02,4327,1
02,4330,1
02,4331,2
02,4332,2
02,4333,2
02,4334,2
02,4335,2
02,4336,2
02,4337,2
02,4340,15
02,4341,15
02,4342,15
02,4343,15
02,4344,15
02,4345,15
02,4374,7
02,4375,7
02,4376,7
02,4377,7
02,4400,18
02,4401,18
02,4402,18
02,4403,18
02,4427,3
02,4430,3
02,4431,3
02,4432,3
02,4433,2
02,4434,2
02,4435,2
02,4436,2
02,4457,1
02,4460,1
02,4461,1
02,4462,1
02,4463,1
02,4464,1
02,4465,1
02,4467,1
02,4473,1
02,4474,1
02,4475,1
02,4476,1
02,4477,1
02,4500,1
02,4501,1
02,4616,14
02,4617,14
02,4620,14
02,4621,19
02,4622,20
02,4623,20
02,4624,20
02,4625,20
02,4626,20
02,4627,20
02,4630,20
02,4631,11
02,4632,11
02,4633,11
02,4634,11
02,4635,56887
02,4636,56887
02,4637,56887
02,4640,56913
02,4641,56913
02,4642,56913
02,4643,56932
02,4644,56932
02,4645,4
02,4646,4
02,4647,4
02,4650,4
02,4674,608
02,4675,608
02,4676,608
02,4677,608
02,4700,608
02,4701,608
02,4702,608
02,4703,608
02,4704,608
02,4705,608
02,4706,608
02,4707,608
02,4710,608
02,4711,608
02,4712,608
02,4713,19
02,4714,19
02,4715,19
02,4716,19
02,4717,19
02,4720,19
02,4721,19
02,4722,19
02,4723,19
02,4724,19
02,4725,19
02,4726,19
02,4727,1
02,4730,1
02,4731,1
02,5032,250
02,5033,500
02,5034,500
02,5036,500
02,5037,500
02,5040,250
02,5041,250
02,5042,250
02,5043,250
02,5044,250
02,5045,250
02,5046,250
02,5050,250
02,5051,250
02,5052,250
02,5053,250
02,5054,250
02,5055,250
02,5056,250
02,5057,250
02,5060,250
02,5061,250
02,5062,250
02,5063,250
02,5064,250
02,5065,250
02,5066,250
02,5067,250
02,5070,250
02,5071,250
02,5072,25
02,5073,25
02,5074,25
02,5075,25
02,5076,25
02,5077,25
02,5100,25
02,5101,25
02,5102,25
02,5103,25
02,5104,25
02,5105,1
02,5106,1
02,5107,1
02,5110,1
02,5111,1
02,5112,2
02,5113,2
02,5114,2
02,5115,2
02,5116,1
02,5117,1
02,5120,1
02,5121,1
02,5133,1
02,5134,1
02,5135,1
02,5136,1
02,5137,2
02,5140,2
02,5141,2
02,5142,2
02,5143,2
02,5144,2
02,5145,2
02,5146,2
02,5147,2
02,5150,2
02,5151,2
02,5152,2
02,5153,2
02,5154,2
02,5155,22
02,5156,22
02,5157,22
02,5160,29
02,5161,29
02,5162,29
02,5165,22
02,5166,56878
02,5167,56878
02,5170,56878
02,5171,56878
02,5240,3
02,5242,3
02,5261,3
02,5265,3
02,5266,3
02,5267,3
02,5270,2125
02,5271,2125
02,5272,2125
02,5273,2125
02,5274,2125
02,5275,2125
02,5276,2125
02,5314,1
02,5315,3
02,5316,3
02,5317,3
02,5353,2
02,5354,2
02,5355,2
02,5356,2
02,5357,2
02,5360,2
02,5361,2
02,5362,2
02,5363,2
02,5364,2
02,5365,2
02,5370,1
02,5371,1
02,5372,1
02,5373,1
02,5374,1
02,5376,1
02,5377,1
02,5400,1
02,5402,1
02,5403,1
02,5404,1
02,5405,1
02,5406,1
02,5407,1
02,5411,1
02,5412,1
02,5413,1
02,5414,1
02,5415,1
02,5416,1
02,5417,1
02,5420,1
02,5421,1
02,5476,1
02,5477,1
02,5500,1
02,5501,1
02,5502,1
02,5503,1
02,5504,1
02,5505,1
02,5506,1
02,5507,1
02,5510,1
02,5511,11
02,5512,11
02,5513,11
02,5514,11
02,5515,11
02,5516,10
02,5517,10
02,5520,10
02,5521,10
02,5522,11
02,5523,11
02,5524,11
02,5525,11
02,5526,11
02,5527,11
02,5530,11
02,5531,11
02,5532,11
02,5533,11
02,5534,11
02,5535,11
02,5536,11
02,5537,11
02,5540,11
02,5541,11
02,5542,11
02,5543,11
02,5545,60
02,5546,60
02,5547,60
02,5550,60
02,5551,60
02,5552,60
02,5553,60
02,5554,60
02,5555,60
02,5556,60
02,5557,60
02,5560,60
02,5561,54
02,5562,6
02,5567,1
02,5570,1
02,5571,1
02,5572,1
02,5573,1
02,5574,2
02,5575,2
02,5576,2
02,5577,2
02,5600,2
02,5601,2
02,5602,2
02,5603,2
02,5605,2
02,5606,2
02,5621,2
02,5622,2
02,5623,2
02,5624,2
02,5625,2
02,5626,2
02,5627,2
02,5644,1
02,5645,1
02,5646,1
02,5647,1
02,5650,1
02,5652,1
02,5653,1
02,5654,1
02,5655,1
02,5656,1
02,5657,1
02,5661,1
02,5662,1
02,5663,1
02,5664,1
02,5665,1
02,5666,1
02,5670,1
02,5671,1
02,5672,1
02,5674,1
02,5676,1
02,5700,1
03,6001,1
03,6002,1
03,6003,1
03,6004,1
03,6005,1
03,6011,1
03,6012,1
03,6013,1
03,6014,1
03,6015,1
03,6016,1
03,6017,1
03,6020,1
03,6037,9
03,6040,9
03,6041,9
03,6042,56
03,6043,56
03,6044,56
03,6045,56
03,6046,56
03,6047,56
03,6052,41
03,6053,41
03,6054,41
03,6055,47
03,6056,47
03,6057,47
03,6060,83
03,6061,354
03,6062,354
03,6063,364
03,6064,162
03,6065,202
03,6067,202
03,6070,258
03,6071,258
03,6072,258
03,6073,58
03,6075,200
03,6076,200
03,6077,362
03,6100,362
03,6101,158
03,6102,28
03,6103,176
03,6104,176
03,6105,17
03,6106,192
03,6107,192
03,6110,192
03,6111,24
03,6113,168
03,6114,168
03,6115,168
03,6116,168
03,6117,103
03,6120,103
03,6121,65
03,6122,65
03,6123,65
03,6124,65
03,6125,103
03,6126,103
03,6127,47
03,6130,47
03,6131,47
03,6132,47
03,6133,47
03,6134,47
03,6135,47
03,6136,56
03,6137,56
03,6140,56
03,6141,56
03,6142,56
03,6143,56
03,6144,2
03,6145,2
03,6146,19
03,6147,19
03,6150,19
03,6151,19
03,6152,19
03,6153,19
03,6154,7
03,6155,7
03,6156,19
03,6157,19
03,6160,19
03,6161,19
03,6162,15
03,6163,15
03,6164,19
03,6165,19
03,6166,19
03,6167,19
03,6170,19
03,6171,19
03,6172,19
03,6173,19
03,6174,19
03,6175,15
03,6176,15
03,6177,15
03,6200,15
03,6201,15
03,6202,15
03,6203,15
03,6206,4
03,6207,4
03,6210,4
03,6211,4
03,6212,4
03,6213,4
03,6214,4
03,6215,24
03,6216,24
03,6217,24
03,6220,24
03,6221,16
03,6223,8
03,6224,8
03,6225,7
03,6226,7
03,6227,7
03,6230,1
03,6231,1
03,6232,1
03,6233,16
03,6234,16
03,6235,24
03,6236,24
03,6237,24
03,6240,24
03,6247,158
03,6250,81
03,6252,85
03,6253,85
03,6254,85
03,6255,85
03,6256,85
03,6257,85
03,6260,85
03,6261,85
03,6262,85
03,6263,81
03,6264,81
03,6265,59
03,6266,59
03,6267,22
03,6271,9
03,6272,13
03,6274,20
03,6275,4
03,6276,1
03,6277,12
03,6301,4
03,6302,41
03,6304,5
03,6305,3
03,6306,18
03,6307,7
03,6310,7
03,6312,2
03,6315,1
03,6316,1
03,6317,24
03,6320,8
03,6321,3
03,6322,1
03,6323,1
03,6324,4
03,6326,7
03,6327,1
03,6330,9
03,6332,17
03,6333,10
03,6334,6
03,6336,2
03,6340,1
03,6346,9
03,6347,4
03,6350,7
03,6351,25
03,6352,24
03,6353,7
03,6362,58
03,6363,58
03,6364,58
03,6365,58
03,6366,58
03,6367,58
03,6370,58
03,6371,58
03,6372,15
03,6373,15
03,6400,22
03,6401,22
03,6402,2
03,6403,2
03,6404,11
03,6405,11
03,6410,8
03,6411,8
03,6412,8
03,6413,8
03,6422,58
03,6423,58
03,6424,58
03,6425,21
03,6426,21
03,6427,37
03,6430,37
03,6431,37
03,6432,37
03,6433,58
03,6434,58
03,6435,58
03,6436,58
03,6437,58
03,6440,58
03,6441,4
03,6442,30
03,6443,24
03,6444,24
03,6445,24
03,6446,24
03,6447,24
03,6450,24
03,6451,24
03,6452,24
03,6453,24
03,6454,4
03,6455,4
03,6456,4
03,6457,4
03,6460,22
03,6461,22
03,6462,22
03,6463,11
03,6464,11
03,6465,11
03,6470,4
03,6471,4
03,6472,4
03,6473,4
03,6474,4
03,6475,4
03,6476,4
03,6477,4
03,6500,4
03,6501,5
03,6502,5
03,6503,5
03,6504,5
03,6505,20
03,6506,20
03,6507,20
03,6510,20
03,6511,23
03,6512,23
03,6513,23
03,6514,23
03,6515,23
03,6516,23
03,6517,23
03,6520,23
03,6521,30
03,6522,30
03,6523,18
03,6524,18
03,6525,18
03,6526,18
03,6527,18
03,6530,18
03,6531,18
03,6532,18
03,6533,18
03,6534,18
03,6536,10
03,6537,8
03,6540,8
03,6541,8
03,6542,8
03,6543,8
03,6544,8
03,6545,8
03,6546,8
03,6547,8
03,6550,10
03,6551,10
03,6557,7
03,6560,7
03,6561,7
03,6562,7
03,6563,7
03,6564,7
03,6565,7
03,6566,7
03,6567,7
03,6570,7
03,6572,3
03,6573,4
03,6574,4
03,6575,4
03,6576,4
03,6577,4
03,6600,4
03,6601,4
03,6602,4
03,6603,4
03,6604,4
03,6605,4
03,6606,4
03,6607,4
03,6620,3
03,6621,3
03,6622,3
03,6623,3
03,6624,3
03,6625,3
03,6640,19
03,6641,19
03,6642,19
03,6643,19
03,6644,19
03,6645,19
03,6646,31
03,6647,41
03,6650,41
03,6651,41
03,6652,47
03,6653,47
03,6654,47
03,6655,47
03,6656,47
03,6657,47
03,6660,47
03,6661,47
03,6662,5
03,6663,5
03,6664,5
03,6665,1
03,6666,1
03,6667,4
03,6670,4
03,6671,4
03,6672,4
03,6673,4
03,6674,4
03,6675,1
03,6676,1
03,6677,1
03,6700,1
03,6701,1
03,6702,1
03,6715,5
03,6716,5
03,6717,5
03,6720,5
03,6721,5
03,6722,5
03,6723,33
03,6724,28
03,6725,1
03,6726,3
03,6727,2
03,6731,1
03,6732,1
03,6733,1
03,6735,1
03,6737,69
03,6740,69
03,6741,39
03,6742,39
03,6743,28
03,6744,28
03,6745,28
03,6746,28
03,6747,3
03,6750,3
03,6751,8
03,6752,11
03,6753,11
03,6754,11
03,6755,11
03,6756,11
03,6757,11
03,6760,11
03,6762,11
03,6763,11
03,6764,11
03,6765,11
03,6766,11
03,6767,11
03,6771,11
03,6772,11
03,6773,11
03,6774,11
03,6775,9
03,6776,9
03,6777,9
03,7000,33
03,7001,33
03,7002,33
03,7005,7
03,7006,7
03,7007,7
03,7010,7
03,7036,1
03,7037,1
03,7040,1
03,7041,1
03,7042,1
03,7043,1
03,7044,1
03,7045,1
03,7046,1
03,7050,1
03,7051,1
03,7052,1
03,7053,1
03,7054,1
03,7055,1
03,7056,1
03,7057,1
03,7060,1
03,7062,2
03,7063,2
03,7064,2
03,7065,2
03,7066,2
03,7067,2
03,7070,2
03,7071,4
03,7072,4
03,7073,4
03,7074,4
03,7075,4
03,7076,4
03,7077,4
03,7100,4
03,7101,4
03,7106,12
03,7107,266
03,7110,266
03,7111,266
03,7112,266
03,7113,266
03,7114,266
03,7115,266
03,7116,266
03,7117,266
03,7120,266
03,7121,266
03,7122,266
03,7123,266
03,7124,266
03,7125,266
03,7126,283
03,7127,283
03,7130,283
03,7131,283
03,7132,283
03,7133,283
03,7134,283
03,7135,283
03,7136,5
03,7137,5
03,7140,41
03,7141,41
03,7142,41
03,7143,25
03,7144,16
03,7145,16
03,7146,16
03,7154,1
03,7155,1
03,7156,28
03,7157,28
03,7160,28
03,7161,28
03,7162,28
03,7163,28
03,7164,28
03,7165,28
03,7166,28
03,7167,28
03,7170,28
03,7171,28
03,7172,28
03,7173,28
03,7174,28
03,7175,28
03,7176,28
03,7200,28
03,7201,28
03,7202,28
03,7203,28
03,7204,28
03,7205,35
03,7206,35
03,7207,35
03,7210,35
03,7211,35
03,7212,35
03,7215,18
03,7216,18
03,7217,18
03,7220,18
03,7221,18
03,7222,12
03,7223,12
03,7224,12
03,7225,12
03,7226,12
03,7227,12
03,7230,12
03,7231,12
03,7232,30
03,7233,30
03,7234,30
03,7235,30
03,7236,30
03,7237,30
03,7240,30
03,7241,30
03,7242,63
03,7243,63
03,7244,63
03,7245,93
03,7246,93
03,7247,93
03,7250,93
03,7251,93
03,7252,93
03,7253,63
03,7254,30
03,7257,11
03,7260,11
03,7261,10
03,7263,1
03,7264,1
03,7265,10
03,7266,11
03,7267,11
03,7270,11
03,7271,11
03,7272,11
03,7274,11
03,7275,11
03,7276,11
03,7300,11
03,7301,11
03,7302,11
03,7304,11
03,7307,17
03,7310,17
03,7311,17
03,7312,17
03,7313,17
03,7314,17
03,7315,17
03,7316,3
03,7317,3
03,7320,3
03,7321,3
03,7322,3
03,7323,3
03,7324,3
03,7325,3
03,7326,3
03,7327,3
03,7330,3
03,7331,1
03,7332,1
03,7333,1
03,7334,7
03,7335,7
03,7336,7
03,7337,2
03,7340,2
03,7341,2
03,7342,9
03,7343,9
03,7344,9
03,7345,9
03,7346,9
03,7347,9
03,7350,9
03,7351,9
03,7352,9
03,7353,9
03,7354,9
03,7355,9
03,7356,9
03,7357,9
03,7360,9
03,7361,9
03,7362,9
03,7363,9
03,7364,9
03,7365,9
03,7366,9
03,7367,9
03,7370,9
03,7371,9
03,7372,9
03,7373,9
03,7374,9
03,7375,9
03,7376,9
03,7377,9
03,7400,9
03,7401,12
03,7403,6
03,7404,6
03,7405,6
03,7406,6
03,7407,6
03,7410,6
03,7411,6
03,7412,6
03,7413,6
03,7414,6
03,7415,6
03,7416,6
03,7417,6
03,7420,12
03,7421,12
03,7422,12
03,7423,12
03,7424,12
03,7430,6
03,7431,6
03,7432,6
03,7433,6
03,7434,6
03,7435,6
03,7436,6
03,7437,6
03,7440,6
03,7441,6
03,7442,6
03,7443,6
03,7444,6
03,7445,6
03,7446,6
03,7447,6
03,7450,6
03,7451,6
03,7452,6
03,7453,6
03,7454,6
03,7455,6
03,7456,6
03,7457,6
03,7460,4
03,7461,4
03,7462,4
03,7463,4
03,7464,4
03,7465,4
03,7466,4
03,7467,4
03,7470,4
03,7471,4
03,7472,4
03,7473,4
03,7474,4
03,7475,4
03,7476,4
03,7477,4
03,7500,4
03,7501,4
03,7502,4
03,7503,4
03,7504,4
03,7505,4
03,7506,4
03,7507,4
03,7510,4
03,7511,4
03,7512,4
03,7513,4
03,7514,4
03,7515,4
03,7517,4
03,7520,4
03,7521,4
03,7522,4
03,7523,4
03,7524,4
03,7525,4
03,7527,4
03,7530,4
03,7531,4
03,7532,12
03,7533,12
03,7534,12
03,7535,12
03,7536,12
03,7537,12
03,7540,12
03,7541,12
03,7542,12
03,7543,12
03,7544,9
03,7545,3
03,7546,3
03,7547,3
03,7551,3
03,7552,3
03,7553,3
03,7554,3
03,7556,3
03,7557,3
03,7560,3
03,7561,3
03,7562,3
03,7563,3
03,7564,3
03,7566,3
03,7567,3
03,7570,3
03,7571,3
03,7572,17
03,7573,17
03,7577,1
03,7600,1
03,7601,1
03,7602,1
03,7603,1
03,7604,1
03,7605,1
03,7606,1
03,7607,2
03,7610,2
03,7611,2
03,7612,2
03,7613,10
03,7614,10
03,7615,10
03,7621,24
03,7622,24
03,7623,24
03,7655,1
03,7656,1
03,7657,1
03,7670,6
03,7671,6
03,7672,6
03,7673,6
03,7675,5
03,7676,1
03,7677,1
03,7700,1
03,7701,1
03,7702,1
03,7703,1
03,7704,1
03,7705,5
03,7706,5
03,7707,5
04,2024,1
04,2026,1
04,2030,1
04,2031,1
04,2032,1
04,2040,1
04,2041,1
04,2042,1
04,2043,1
04,2044,1
04,2045,1
04,2047,1
04,2050,1
04,2051,1
04,2052,1
04,2053,1
04,2054,1
04,2055,1
04,2056,1
04,2057,1
04,2060,1
04,2061,1
04,2062,1
04,2063,1
04,2064,1
04,2072,1
04,2073,22
04,2074,22
04,2075,22
04,2076,22
04,2077,22
04,2100,22
04,2101,22
04,2102,21
04,2103,21
04,2105,1
04,2106,1
04,2107,1
04,2110,1
04,2111,1
04,2112,1
04,2134,1
04,2135,1
04,2136,1
04,2137,1
04,2140,1
04,2141,1
04,2143,1
04,2147,1
04,2151,1
04,2152,1
04,2153,1
04,2155,1
04,2157,1
04,2161,1
04,2162,1
04,2202,1
04,2203,1
04,2204,1
04,2206,1
04,2210,1
04,2211,1
04,2212,1
04,2213,1
04,2214,1
04,2216,1
04,2217,1
04,2224,1
04,2226,1
04,2227,1
04,2230,1
04,2231,1
04,2232,1
04,2233,1
04,2234,1
04,2235,1
04,2236,1
04,2237,1
04,2240,1
04,2241,1
04,2242,1
04,2243,1
04,2244,1
04,2245,1
04,2246,1
04,2250,1
04,2251,1
04,2252,1
04,2253,1
04,2254,1
04,2255,1
04,2256,1
04,2257,1
04,2260,1
04,2261,1
04,2310,1
04,2311,1
04,2312,1
04,2314,1
04,2316,1
04,2317,1
04,2320,1
04,2321,1
04,2330,1
04,2331,1
04,2332,1
04,2333,1
04,2334,1
04,2335,1
04,2336,1
04,2337,1
04,2340,1
04,2341,1
04,2342,1
04,2343,1
04,2344,1
04,2345,1
04,2346,1
04,2347,1
04,2350,1
04,2351,1
04,2352,1
04,2353,1
04,2354,1
04,2355,1
04,2356,1
04,2357,1
04,2360,1
04,2361,1
04,2362,1
04,2363,1
04,3254,1
04,3255,1
04,3256,1
04,3257,1
04,3270,1
04,3272,1
04,3274,18
04,3275,18
04,3276,18
04,3277,18
04,3300,18
04,3301,18
04,3302,18
04,3303,18
04,3304,18
04,3305,18
04,3306,18
04,3307,18
04,3310,18
04,3313,18
04,3314,18
04,3315,18
04,3316,18
05,2447,1
05,2450,1
05,2451,1
05,2456,1
05,2457,1
05,2460,1
05,2461,1
05,2462,1
05,2463,1
05,2464,1
05,2465,1
05,2466,1
05,2467,1
05,2470,1
05,2471,1
05,2472,1
05,2473,1
05,2474,1
05,2475,1
05,2476,1
05,2477,1
05,2500,1
05,2501,2
05,2502,2
05,2503,2
05,2504,2
05,2505,2
05,2506,2
05,2507,2
05,2510,2
05,2511,2
05,2512,2
05,2513,2
05,2514,2
05,2515,2
05,2516,2
05,2517,2
05,2520,2
05,2521,2
05,2522,2
05,2523,2
05,2524,2
05,2525,2
05,2526,2
05,2527,2
05,2530,2
05,2531,2
05,2532,2
05,2533,2
05,2534,2
05,2535,2
05,2536,2
05,2542,2
05,2543,2
05,2544,2
05,2545,2
05,2546,2
05,2547,2
05,2550,2
05,2551,2
05,2552,2
05,2553,2
05,2554,2
05,2555,2
05,2556,2
05,2557,2
05,2560,2
05,2561,2
05,2562,2
05,2563,2
05,2564,2
05,2565,2
05,2566,2
05,2567,2
05,2570,2
05,2571,2
05,2572,2
05,2573,2
05,2574,2
05,2575,2
05,2576,2
05,2577,2
05,2600,2
05,2601,2
05,2602,2
05,2603,2
05,2604,2
05,2605,2
05,2606,2
05,2607,2
05,2610,2
05,2611,2
05,2612,2
05,2613,2
05,2614,2
05,2615,2
05,2616,2
05,2617,2
05,2620,2
05,2621,2
05,2622,2
05,2623,2
05,2624,2
05,2625,2
05,2626,2
05,2627,2
05,2630,2
05,2631,2
05,2632,2
05,2633,2
05,2634,2
05,2635,2
05,2636,2
05,2637,2
05,2640,2
05,2641,3
05,2643,3
05,2644,3
05,2645,3
05,2646,3
05,2647,3
05,2650,3
05,2651,3
05,2652,5
05,2653,5
05,2654,5
05,2655,5
05,2656,5
05,2657,5
05,2660,5
05,2661,5
05,2662,5
05,2663,5
05,2664,5
05,2665,5
05,2666,5
05,2667,1
05,2670,1
05,2671,1
05,2672,1
05,2673,1
05,2674,1
05,2675,1
05,2676,1
05,2677,1
05,2703,1
05,2704,1
05,2705,1
05,2706,1
05,2707,1
05,2711,1
05,2712,1
05,2713,1
05,2730,1
05,2731,1
05,2732,1
05,2733,1
05,2734,1
05,2735,1
05,2736,1
05,2737,1
05,2740,1
05,2741,1
05,2742,1
05,2743,1
05,2744,1
05,2745,1
05,2746,1
05,2747,1
05,2750,1
05,2751,1
05,2752,1
05,2753,1
05,2754,1
05,2761,1
05,2762,1
05,2763,1
05,2764,1
05,2765,1
05,2766,1
05,2767,1
05,2770,1
05,2771,2
05,2772,2
05,2773,2
05,2774,2
05,2775,3
05,2776,13
05,2777,13
05,3000,13
05,3001,13
05,3002,13
05,3003,13
05,3004,13
05,3005,13
05,3007,1
05,3011,12
05,3012,10
05,3013,2
05,3014,2
05,3015,2
05,3016,2
05,3017,2
05,3020,2
05,3021,2
05,3022,2
05,3023,2
05,3024,2
05,3025,2
05,3026,2
05,3027,2
05,3030,12
05,3031,12
05,3032,12
05,3033,12
05,3034,1
05,3035,11
05,3036,1
05,3037,1
05,3040,1
05,3041,1
05,3042,1
05,3043,12
05,3044,10
05,3045,2
05,3046,1
05,3047,1
05,3050,1
05,3051,1
05,3052,1
05,3054,1
05,3056,1
05,3070,3
05,3071,3
05,3072,3
05,3073,3
05,3074,3
05,3102,3
05,3107,2
05,3110,2
05,3111,2
05,3112,2
05,3113,2
05,3114,2
05,3115,2
05,3116,3
05,3117,3
05,3120,3
05,3121,3
05,3122,3
05,3123,3
05,3124,3
05,3125,3
05,3126,3
05,3127,3
05,3130,3
05,3131,3
05,3132,3
05,3133,3
05,3134,3
05,3135,3
05,3136,3
05,3137,3
05,3140,3
05,3141,3
05,3142,3
05,3143,3
05,3144,3
05,3145,3
05,3146,4
05,3147,4
05,3150,4
05,3151,4
05,3152,4
05,3153,4
05,3154,4
05,3155,4
05,3156,4
05,3157,4
05,3160,1
05,3161,4
05,3162,4
05,3163,4
05,3164,4
05,3165,4
05,3166,4
05,3167,4
05,3170,4
05,3171,4
05,3172,4
05,3173,4
05,3174,4
05,3175,4
05,3176,4
05,3177,4
05,3200,4
05,3201,4
05,3202,4
05,3203,4
05,3204,4
05,3205,4
05,3206,4
05,3207,4
05,3210,4
05,3211,4
05,3212,4
05,3213,4
05,3214,4
05,3215,4
05,3216,4
05,3217,4
05,3220,4
05,3221,4
05,3222,4
05,3223,4
05,3224,4
05,3225,4
05,3226,4
05,3227,4
05,3230,4
05,3231,4
05,3232,4
05,3233,4
05,3234,4
05,3235,4
05,3236,4
05,3237,4
05,3240,4
05,3241,4
05,3242,4
05,3243,4
05,3244,4
05,3245,4
05,3246,4
05,3247,4
05,3250,4
05,3251,4
05,3252,4
05,3253,4
05,3254,4
05,3255,4
05,3256,4
05,3257,4
05,3260,4
05,3261,4
05,3262,4
05,3263,4
05,3264,4
05,3265,4
05,3266,4
05,3267,4
05,3270,4
05,3271,4
05,3272,4
05,3273,4
05,3274,44
05,3275,44
05,3276,44
05,3277,44
05,3300,44
05,3301,40
05,3302,4
05,3303,4
05,3304,4
05,3305,4
05,3306,4
05,3307,4
05,3310,4
05,3311,4
05,3312,4
05,3313,4
05,3314,4
05,3315,4
05,3316,4
05,3317,4
05,3320,4
05,3321,4
05,3322,4
05,3323,4
05,3324,4
05,3325,4
05,3326,4
05,3327,4
05,3330,4
05,3331,4
05,3332,4
05,3333,4
05,3334,4
05,3335,4
05,3336,4
05,3337,4
05,3340,4
05,3341,4
05,3342,4
05,3343,4
05,3344,4
05,3345,4
05,3506,1431
05,3507,1431
05,3510,1431
05,3511,1431
05,3512,31
05,3513,31
05,3514,31
05,3515,2
05,3516,2
05,3517,2
05,3520,2
05,3521,2
05,3522,2
05,3523,1429
05,3524,731
05,3526,698
05,3527,698
05,3530,273
05,3532,425
05,3533,425
05,3534,425
05,3535,411
05,3536,16
05,3537,16
05,3540,16
05,3541,16
05,3542,16
05,3543,411
05,3544,411
05,3545,411
05,3546,397
05,3547,397
05,3550,14
05,3551,14
05,3552,14
05,3553,411
05,3554,411
05,3555,411
05,3556,411
05,3557,387
05,3561,10
05,3562,14
05,3563,411
05,3564,766
05,3565,766
05,3566,766
05,3567,167
05,3570,167
05,3571,167
05,3572,56
05,3573,56
05,3574,56
05,3575,56
05,3576,56
05,3577,56
05,3600,56
05,3601,56
05,3602,56
05,3603,56
05,3604,56
05,3605,30
05,3606,30
05,3607,30
05,3610,30
05,3611,111
05,3612,111
05,3613,111
05,3614,82
05,3615,82
05,3616,29
05,3617,29
05,3620,29
05,3621,29
05,3622,224
05,3623,224
05,3624,224
05,3625,224
05,3626,224
05,3627,224
05,3630,224
05,3631,224
05,3632,224
05,3633,224
05,3634,224
05,3635,224
05,3636,224
05,3637,195
05,3641,29
05,3642,29
05,3643,29
05,3644,29
05,3645,29
05,3646,29
05,3647,29
05,3650,29
05,3651,29
05,3652,29
05,3653,1330
05,3654,1330
05,3655,1330
05,3656,1330
05,3657,1330
05,3660,1330
05,3661,1330
05,3662,1330
05,3663,1330
05,3664,1330
05,3665,82
05,3666,355
05,3667,355
05,3670,355
05,3671,274
05,3672,274
05,3673,81
05,3674,81
05,3675,81
05,3676,355
05,3677,355
05,3700,355
05,3701,1431
05,3702,1431
05,3703,1431
05,3704,1431
05,3705,1431
05,3706,1431
05,3756,16
05,3757,16
05,3760,16
05,3761,16
05,3762,16
05,3763,1431
05,3764,1431
05,3765,1431
05,3766,1431
05,3767,1400
05,3770,31
05,3771,31
06,2000,372
06,2001,372
06,2002,372
06,2003,372
06,2004,214
06,2005,28
06,2006,125
06,2007,33
06,2010,247
06,2011,247
06,2012,247
06,2013,189
06,2014,55
06,2015,3
06,2016,3
06,2017,3
06,2020,3
06,2021,3
06,2022,3
06,2023,3
06,2024,66
06,2025,66
06,2026,66
06,2027,66
06,2030,118
06,2031,125
06,2032,125
06,2033,125
06,2034,59
06,2035,52
06,2036,66
06,2040,7
06,2044,7
06,2045,7
06,2046,7
06,2047,66
06,2050,66
06,2051,66
06,2052,66
06,2053,66
06,2054,66
06,2055,66
06,2056,66
06,2057,66
06,2060,66
06,2061,66
06,2062,66
06,2063,244
06,2065,52
06,2066,192
06,2067,27
06,2070,165
06,2071,30
06,2072,30
06,2073,30
06,2074,247
06,2075,247
06,2076,247
06,2077,247
06,2100,247
06,2101,247
06,2102,247
06,2103,4
06,2104,4
06,2105,4
06,2106,4
06,2107,4
06,2110,4
06,2111,4
06,2116,247
06,2117,247
06,2120,29
06,2121,30
06,2122,30
06,2123,30
06,2124,31
06,2125,32
06,2126,32
06,2127,33
06,2130,217
06,2131,217
06,2132,217
06,2133,217
06,2134,125
06,2135,125
06,2136,125
06,2137,125
06,2140,56
06,2141,39
06,2142,17
06,2143,39
06,2144,108
06,2145,108
06,2146,108
06,2147,108
06,2150,108
06,2151,108
06,2152,17
06,2153,17
06,2154,62
06,2155,62
06,2156,62
06,2157,62
06,2160,62
06,2161,16
06,2163,45
06,2164,1
06,2165,69
06,2166,69
06,2167,69
06,2170,69
06,2172,62
06,2173,62
06,2174,62
06,2175,62
06,2176,62
06,2177,62
06,2227,62
06,2230,62
06,2231,62
06,2232,62
06,2374,62
06,2375,62
06,2376,62
06,2377,62
06,2400,62
06,2401,62
06,2402,62
06,2403,62
06,2404,62
06,2405,62
06,2434,62
06,2436,62
06,2465,62
06,2466,62
06,2467,62
06,2470,62
06,3006,62
06,3007,62
06,3010,62
06,3011,62
06,3012,62
06,3013,62
06,3037,62
06,3040,62
06,3041,62
06,3042,62
06,3043,62
06,3044,62
06,3071,62
06,3072,62
06,3073,62
06,3075,62
06,3076,62
06,3077,62
06,3100,62
06,3105,62
06,3106,62
06,3107,62
06,3110,62
06,3132,125
06,3133,125
06,3134,125
06,3135,125
06,3136,125
06,3137,125
06,3140,125
06,3141,125
06,3142,125
06,3143,125
06,3144,125
06,3145,125
06,3146,125
06,3147,125
06,3150,125
06,3151,125
06,3152,125
06,3153,125
06,3154,125
06,3155,125
06,3156,60
06,3157,60
06,3160,60
06,3161,60
06,3162,60
06,3163,60
06,3164,60
06,3165,60
06,3166,60
06,3167,60
06,3170,60
06,3171,60
06,3172,60
10,2213,3
10,2214,3
10,2215,3
10,2216,3
10,2221,3
10,2222,3
10,2223,3
10,2224,2
10,2225,2
10,2226,2
10,2227,2
10,2230,2
10,2231,2
10,2232,2
10,2233,2
10,2234,2
10,2235,2
10,2236,2
10,2237,2
10,2240,2
10,2241,2
10,2242,2
10,2243,1
10,2244,1
10,2245,1
10,2246,1
10,2247,2
10,2250,2
10,2264,2
10,2266,2
10,2303,2
10,2304,2
10,2305,2
10,2306,2
10,2307,2
10,2310,2
10,2311,2
10,2312,1
10,2313,1
10,2314,1
10,2315,1
10,2316,1
10,2317,1
10,2320,1
10,2321,1
10,2322,1
10,2323,1
10,2324,1
10,2325,1
10,2415,1
10,2416,1
10,2417,2
10,2420,2
10,2421,2
10,2422,2
10,2423,2
10,2424,2
10,2425,2
10,2426,2
10,2476,1
10,2477,1
10,2500,1
10,2501,1
10,2502,1
10,2503,1
10,2546,1
10,2547,1
10,2550,1
10,2551,1
10,2552,1
10,2553,1
10,2554,1
10,2555,1
10,2557,1
10,2561,1
10,2562,1
10,2563,1
10,2565,1
10,2566,1
10,2567,1
10,2571,1
10,2572,1
10,2573,1
10,2574,1
10,2577,1
10,2600,1
10,2601,1
10,2602,1
10,2603,1
10,2604,1
10,2605,1
10,2606,1
10,2610,1
10,2612,1
10,2613,1
10,2614,1
10,2615,1
10,2616,1
10,2617,1
10,2722,1
10,2723,1
10,2724,1
10,2725,1
10,2726,1
10,2727,1
10,2730,1
10,2731,1
10,2732,1
10,2733,1
10,2736,1
10,2737,1
10,2740,1
10,2741,1
10,2742,1
10,2743,1
10,2744,1
10,2745,1
10,2746,1
10,2747,1
10,2750,1
10,2751,1
10,2752,1
10,2753,1
10,3037,1
10,3040,1
10,3041,1
10,3042,1
10,3043,1
10,3044,1
10,3045,1
10,3046,1
10,3047,1
10,3070,1
10,3071,1
10,3072,1
10,3073,1
10,3074,1
10,3075,1
10,3076,1
10,3077,1
10,3100,1
10,3101,1
10,3102,1
10,3103,1
10,3104,1
10,3105,1
10,3106,1
10,3107,1
10,3110,1
10,3117,1
10,3120,1
10,3122,1
10,3123,1
10,3124,1
10,3126,1
10,3130,1
10,3132,1
10,3133,1
10,3135,1
10,3136,1
10,3137,1
10,3141,1
10,3142,1
10,3143,1
10,3144,1
10,3205,1
10,3206,1
10,3207,1
10,3210,1
10,3211,1
10,3212,1
10,3214,1
10,3215,1
10,3216,1
10,3217,1
10,3220,1
10,3221,1
10,3222,1
10,3223,1
10,3224,1
10,3225,1
10,3231,2
10,3232,2
10,3260,1
10,3261,1
10,3262,1
10,3263,1
10,3264,1
10,3265,1
10,3267,1
10,3270,1
10,3271,1
10,3272,1
10,3274,1
10,3276,1
10,3300,1
10,3374,1
10,3375,1
10,3376,1
10,3377,1
10,3544,1
10,3545,1
10,3546,1
10,3547,1
10,3550,1
10,3551,1
10,3552,1
10,3553,1
10,3573,1
10,3574,1
10,3575,1
10,3612,1
10,3613,1
10,3726,2
10,3727,2
10,3730,2
10,3731,2
10,3733,2
10,3734,1
10,3736,1
10,3764,2
10,3765,2
10,3766,2
10,3770,2
10,3771,2
13,2770,1
13,2771,42
13,2772,42
13,2773,42
13,2774,42
13,2775,42
13,2776,42
13,2777,41
13,3000,1
13,3036,1
13,3037,1
13,3040,1
13,3041,1
13,3237,1
13,3240,1
13,3241,1
13,3242,1
13,3415,2
13,3416,2
13,3417,2
13,3420,2
13,3425,1
13,3426,1
13,3427,1
13,3430,1
13,3445,1
13,3446,1
13,3447,1
13,3450,1
13,3453,1
13,3454,1
13,3455,1
13,3456,1
13,3457,1
13,3460,2
13,3461,2
13,3462,2
13,3463,3
13,3755,1
13,3756,1
13,3757,1
13,3760,1
13,3761,1
13,3762,1
13,3763,1
13,3764,1
13,3765,1
13,3766,1
16,2000,301
16,2001,301
16,2002,301
16,2003,301
16,2004,301
16,2005,301
16,2024,301
16,2025,301
16,2026,301
16,2027,301
16,2030,301
16,2031,301
16,2032,298
16,2033,3
16,2034,3
16,2035,3
16,2036,3
16,2041,301
16,2152,301
16,2153,301
16,2154,301
16,2157,301
16,2161,301
16,2163,301
16,2164,301
16,2165,301
16,2166,301
16,2167,301
16,2170,301
16,2171,301
16,2172,301
16,2173,301
16,2174,301
16,2175,301
16,2176,301
16,2177,301
16,2200,301
16,2201,301
16,3446,301
16,3447,301
16,3450,301
16,3451,301
16,3452,301
16,3453,301
16,3454,301
16,3455,301
16,3456,301
16,3457,301
16,3460,301
16,3461,301
16,3462,301
17,2626,301
17,2627,301
17,2630,301
17,2631,301
17,2632,301
17,2633,301
17,2634,301
17,2635,301
17,2636,301
17,2637,301
17,2640,301
17,2641,301
17,2642,301
17,2643,301
17,2644,301
17,2645,301
17,2646,301
17,2647,301
17,2650,301
17,2651,301
17,2652,301
17,2653,301
17,2654,301
17,2655,301
17,2656,301
17,2657,301
17,2660,301
17,3146,3
17,3147,3
17,3150,3
17,3151,3
17,3152,3
17,3153,3
17,3154,3
17,3155,3
17,3156,3
17,3157,3
17,3163,3
17,3164,3
17,3165,3
17,3166,3
17,3171,3
17,3172,3
20,2124,1
20,2125,1
20,2126,1
20,2127,1
20,2130,1
20,2131,1
20,2132,1
20,2133,1
20,2134,1
20,2137,1
20,2165,1
20,2166,1
20,2167,1
20,2170,1
20,2171,1
20,2172,1
20,2173,1
20,2174,1
20,2175,1
20,2176,1
20,2177,1
20,2200,1
20,2201,1
20,2202,1
20,2203,1
20,2204,1
20,2205,1
20,2206,1
20,2207,1
20,2210,1
20,2211,1
20,2212,1
20,2213,1
20,2214,1
20,2215,1
20,2216,1
20,2217,1
20,2220,1
20,2221,1
20,2222,1
20,2223,1
20,2224,1
20,2225,1
20,2447,3
20,2450,3
20,2451,3
20,2452,3
20,2453,3
20,2454,3
20,2456,3
20,2461,3
20,2462,3
20,2463,3
20,2464,3
20,2465,3
20,2466,3
20,2470,3
20,2471,3
20,2472,3
20,2473,3
20,2474,3
20,2475,3
20,2476,3
20,2513,1
20,2514,1
20,2515,1
20,2517,1
20,2520,1
20,2521,1
20,2522,3
20,2523,3
20,2524,3
20,2525,3
20,2526,3
20,2527,3
20,2530,3
20,2531,3
20,2532,3
20,2533,3
20,2534,3
20,2535,3
20,2536,3
20,2537,1
20,2540,3
20,2541,3
20,2543,3
20,2544,9
20,2545,9
20,2546,9
20,2547,12
20,2550,12
20,2551,12
20,2552,12
20,2553,12
20,2554,12
20,2555,12
20,2556,12
20,2557,12
20,2560,12
20,2561,12
20,2562,12
20,2563,12
20,2564,12
20,2565,6
20,2566,3
20,2567,3
20,2570,3
20,2571,3
20,2572,3
20,2573,3
20,2574,3
20,2575,3
20,2576,3
20,2577,3
20,2600,3
20,2601,3
20,2604,3
20,2605,3
20,2606,3
20,2607,3
20,2610,3
20,2611,3
20,2612,3
20,2613,3
20,2614,3
20,2615,3
20,2616,3
20,2642,3
20,2643,3
20,2644,3
20,2645,3
20,2646,3
20,2647,3
20,2650,3
20,2651,3
20,2652,3
20,2653,3
20,2654,3
20,2655,3
20,2656,3
20,2662,3
20,2663,3
20,2664,3
20,2665,3
20,2666,3
20,2667,3
20,2670,3
20,2671,3
20,2672,3
20,2674,3
20,2675,3
20,2676,3
20,2677,3
20,2700,3
20,2701,3
20,2702,3
20,2704,3
20,2705,3
20,2706,3
20,2707,3
20,2710,3
20,2712,3
20,2713,3
20,2714,3
20,2715,3
20,2716,3
20,2717,3
20,2720,3
20,2721,3
20,2722,3
20,2723,3
20,2724,3
20,2725,3
20,2726,3
20,2727,3
20,2730,6
20,2731,6
20,2732,6
20,2733,6
20,2734,6
20,2735,6
20,2751,6
20,2752,6
20,2753,6
20,2754,6
20,2755,3
20,2756,3
20,2757,3
20,2760,3
20,2761,3
20,2773,3
20,2775,3
20,2776,9
20,2777,9
20,3000,9
20,3001,9
20,3002,9
20,3003,9
20,3004,9
20,3005,9
20,3006,9
20,3007,9
20,3010,9
20,3011,9
20,3012,9
20,3014,9
20,3015,9
20,3016,9
20,3020,9
20,3021,9
20,3022,9
20,3023,9
20,3024,9
20,3025,9
20,3026,9
20,3231,3
20,3232,3
20,3233,3
20,3234,3
20,3235,3
20,3236,3
20,3237,3
20,3240,3
20,3241,3
20,3242,3
20,3243,3
20,3244,3
20,3245,3
20,3246,3
20,3250,3
20,3251,3
20,3252,3
20,3253,3
20,3254,3
20,3255,3
20,3256,3
20,3257,3
20,3260,3
20,3261,3
20,3262,3
20,3263,3
20,3264,3
20,3265,3
20,3266,3
20,3267,3
20,3270,3
20,3271,3
20,3272,3
20,3273,3
20,3274,3
20,3275,3
20,3276,3
20,3277,3
20,3300,3
20,3301,3
20,3302,3
20,3303,3
20,3304,3
20,3305,3
20,3306,3
20,3307,3
20,3310,3
20,3311,3
20,3312,3
20,3313,3
20,3314,3
20,3315,3
20,3316,3
20,3317,3
20,3320,6
20,3321,6
20,3322,6
20,3324,6
20,3327,6
20,3330,6
20,3331,6
20,3332,6
20,3333,6
20,3334,6
20,3335,6
20,3336,6
20,3337,6
20,3340,6
20,3432,6
20,3433,6
20,3434,6
20,3435,6
20,3436,6
20,3437,6
20,3456,6
20,3457,6
20,3460,6
20,3461,6
20,3462,6
20,3463,6
20,3464,6
20,3465,6
20,3466,6
20,3467,6
20,3470,6
20,3471,6
20,3472,6
20,3473,6
20,3474,6
20,3476,6
20,3477,6
20,3500,6
20,3501,6
20,3502,6
20,3503,6
20,3504,6
20,3505,6
20,3506,6
20,3507,6
20,3510,6
20,3511,6
20,3512,6
20,3513,6
20,3514,6
20,3515,6
20,3516,6
20,3517,6
20,3520,6
20,3521,6
20,3522,6
20,3523,6
20,3524,6
20,3525,6
20,3526,6
20,3527,6
20,3530,6
20,3531,6
20,3532,6
20,3533,6
20,3534,6
20,3535,6
20,3536,6
20,3537,6
20,3540,6
20,3545,6
20,3546,6
20,3547,6
20,3550,6
20,3551,6
20,3556,6
20,3557,6
20,3560,6
20,3561,6
20,3562,6
20,3563,6
20,3564,6
20,3565,6
20,3566,6
20,3567,6
20,3570,3
20,3571,3
20,3572,3
20,3573,3
20,3574,3
20,3577,3
20,3600,3
20,3601,3
20,3602,3
20,3603,3
20,3604,3
20,3605,3
20,3606,3
20,3607,3
20,3610,3
20,3611,3
20,3612,3
20,3613,3
20,3614,3
20,3615,3
20,3620,3
20,3621,3
20,3622,3
20,3623,3
20,3624,3
20,3625,3
20,3626,3
20,3627,3
20,3630,3
20,3631,3
20,3632,3
20,3633,3
20,3634,3
20,3652,3
20,3653,3
20,3654,3
20,3655,3
20,3656,3
20,3657,3
20,3660,3
20,3661,3
20,3662,3
20,3663,3
20,3664,3
20,3665,3
20,3666,3
20,3667,3
20,3670,3
20,3671,3
20,3672,3
20,3673,3
20,3674,3
20,3675,3
20,3676,3
20,3677,3
20,3700,27
20,3701,27
20,3702,27
20,3703,27
20,3704,27
20,3705,27
20,3706,3
20,3707,3
20,3710,3
20,3711,3
20,3712,6
20,3713,6
20,3714,6
20,3715,6
20,3716,6
20,3717,6
20,3720,12
20,3721,12
20,3722,12
20,3723,12
20,3724,24
20,3725,24
20,3726,24
20,3727,24
20,3730,24
20,3731,24
20,3732,24
20,3733,24
20,3734,24
20,3735,24
20,3736,24
20,3737,24
30,3672,1
30,3673,1
30,3674,1
30,3700,1
30,3701,1
30,3702,1
30,3703,1
30,3704,1
30,3705,1
30,3706,1
30,3707,1
30,3710,1
30,3711,1
30,3712,1
30,3713,1
30,3714,1
30,3715,1
30,3716,1
30,3717,1
30,3720,1
30,3721,1
31,2412,1
31,2420,1
31,2424,1
31,2430,1
31,2446,1
31,2455,1
31,2456,1
31,2457,1
31,2603,1
31,2604,1
31,2605,1
31,2606,1
31,2607,1
31,2610,1
31,2611,1
31,2612,1
31,2613,1
31,2614,1
31,2615,1
31,2617,1
31,2620,1
31,2641,1
31,2661,1
31,2662,1
31,2663,1
31,2664,1
31,2665,1
31,2666,1
31,2667,1
31,2670,1
31,2671,1
31,2672,1
31,2673,1
31,2674,1
31,2675,1
31,2676,1
31,2677,1
31,2700,1
31,2701,1
31,2702,1
31,2703,1
31,3003,1
31,3013,1
31,3045,1
31,3046,1
31,3047,1
31,3050,1
31,3051,1
31,3053,1
31,3054,1
31,3055,1
31,3056,1
31,3057,1
31,3060,1
31,3061,1
31,3102,1
31,3103,1
31,3104,1
31,3105,1
31,3106,1
31,3107,1
31,3110,1
31,3111,1
31,3112,1
31,3113,1
31,3114,1
31,3553,1
31,3554,1
31,3555,1
31,3556,1
31,3557,1
31,3560,1
31,3561,1
31,3562,1
31,3563,1
31,3564,1
31,3565,1
31,3566,1
31,3567,1
31,3570,1
31,3571,1
31,3572,1
31,3573,1
31,3574,1
31,3576,1
31,3577,1
31,3600,1
31,3601,1
31,3602,1
31,3603,1
31,3604,1
31,3605,3
31,3606,3
31,3607,3
31,3610,3
31,3611,3
31,3612,3
31,3613,3
31,3614,3
31,3615,3
31,3616,3
31,3617,3
31,3620,3
31,3621,3
31,3622,3
31,3623,2
31,3624,9
31,3625,9
31,3626,9
31,3627,9
31,3630,9
31,3631,9
31,3632,9
31,3633,9
31,3634,9
31,3635,9
31,3636,9
31,3637,9
31,3640,9
31,3641,9
31,3643,9
31,3644,9
31,3645,9
31,3646,9
31,3650,9
31,3651,9
31,3652,9
31,3653,9
31,3654,9
31,3655,9
31,3656,1
31,3657,8
31,3660,8
31,3661,8
31,3677,1
31,3700,1
31,3701,1
31,3702,1
31,3703,1
31,3704,1
31,3705,1
31,3706,1
31,3707,1
31,3710,1
31,3711,1
31,3712,1
31,3713,1
31,3714,1
31,3715,1
31,3716,1
31,3717,1
31,3720,1
31,3721,1
31,3722,1
31,3723,1
31,3724,1
31,3725,1
31,3726,1
31,3727,1
31,3731,1
31,3732,1
31,3733,1
31,3740,3
31,3741,3
31,3742,3
31,3743,3
31,3744,3
31,3745,3
32,2776,1
32,3000,1
32,3002,1
32,3003,1
32,3004,1
32,3005,1
32,3006,1
32,3007,1
32,3010,1
32,3011,1
32,3012,1
32,3013,1
32,3014,1
32,3015,1
32,3016,1
32,3017,1
36,2653,1
36,2654,1
36,2655,1
36,2656,1
36,3555,1
36,3556,1
36,3557,1
36,3560,1
36,3561,1
36,3562,1
36,3563,1
36,3564,1
36,3565,1
36,3566,1
36,3567,1
36,3570,1
36,3571,1
36,3572,1
36,3573,1
36,3574,1
36,3575,1
36,3576,1
36,3577,1
36,3600,1
36,3601,1
36,3602,1
36,3603,1
36,3604,1
36,3605,1
40,2077,18
40,2100,18
40,2101,18
40,2102,18
40,2103,7
40,2104,11
40,2105,7
40,2106,7
40,2107,7
40,2110,7
40,2111,7
40,2112,18
40,2113,18
40,2114,18
40,2115,18
40,2121,3
40,2123,1
40,2124,2
40,2125,1
40,2127,1
40,2136,2
40,2137,3
40,2152,4
40,2155,1
40,2157,4
40,2161,1
40,2162,1
40,2166,1
40,2167,1
40,2170,1
40,2171,1
40,2173,2
40,2174,2
40,2175,10
40,2176,10
40,2202,10
40,2203,10
40,2205,10
40,2206,10
40,2207,10
40,2210,10
40,2211,10
40,2212,10
40,2213,10
40,2214,10
40,2215,10
40,2216,10
40,2217,10
40,2220,10
40,2221,10
40,2232,10
40,2233,10
40,2234,10
40,2235,10
40,2236,10
40,2237,10
40,2240,10
40,2241,10
40,2242,10
40,2243,10
40,2244,10
40,2247,10
40,2250,10
40,2251,10
40,2252,10
40,2253,10
40,2254,10
40,2255,10
40,2256,5
40,2257,5
40,2260,5
40,2261,5
40,2262,5
40,2263,5
40,2264,5
40,2265,5
40,2266,5
40,2267,5
40,2270,5
40,2312,5
40,2313,10
40,2314,10
40,2324,10
40,2325,10
40,2326,10
40,2327,10
40,2354,3
40,2355,3
40,2356,3
40,2357,4
40,2360,4
40,2361,4
40,2362,4
40,2363,4
40,2364,4
40,2365,4
40,2366,4
40,2367,4
40,2370,1
40,2371,1
40,2372,1
40,2373,1
40,2601,8
40,2602,8
40,2603,8
40,2604,8
40,2605,8
40,2606,8
40,2607,8
40,2610,8
40,2611,5
40,2612,8
40,2613,8
40,3233,6
40,3234,6
40,3235,6
40,3236,6
40,3237,6
40,3240,6
40,3241,6
40,3242,6
40,3243,6
40,3244,6
40,3245,6
40,3246,6
40,3247,6
40,3250,6
40,3251,6
40,3252,6
40,3253,6
40,3254,3
40,3255,3
40,3256,3
40,3257,3
40,3271,3
40,3272,3
40,3306,3
40,3307,3
40,3310,3
40,3311,3
40,3312,3
40,3313,3
40,3314,3
40,3315,3
40,3317,2
40,3320,2
40,3322,31
40,3323,31
40,3324,31
40,3325,31
40,3326,31
40,3327,31
40,3330,31
40,3331,31
40,3332,31
40,3333,31
40,3334,15
40,3335,16
40,3336,15
40,3337,15
40,3340,15
40,3341,15
40,3342,15
40,3343,15
40,3344,7
40,3345,15
40,3346,31
40,3347,31
40,3350,31
40,3351,31
40,3352,18
40,3354,31
40,3355,31
40,3356,31
40,3357,31
40,3360,31
40,3361,31
40,3362,31
40,3363,31
40,3364,31
40,3365,31
40,3366,31
40,3367,31
40,3370,31
40,3371,31
40,3372,31
40,3373,31
40,3374,31
40,3375,18
40,3376,31
40,3377,31
40,3412,15
40,3413,15
40,3414,15
40,3534,2
40,3535,2
40,3536,2
40,3537,2
40,3540,1
40,3541,1
40,3542,1
40,3543,1
40,3544,2
40,3545,2
40,3546,2
41,2000,1
41,2002,4
41,2003,4
41,2004,4
41,2005,4
41,2006,4
41,2010,3
41,2011,1
41,2012,1
41,2013,1
41,2014,1
41,2015,1
41,2027,1
41,2030,1
41,2031,1
41,2032,1
41,2035,4
41,2036,4
41,2037,4
41,2040,4
41,2041,4
41,2042,4
41,2043,4
41,2044,4
41,2045,4
41,2046,1
41,2047,1
41,2050,1
41,2051,1
41,2052,1
41,2053,1
41,2055,1
41,2056,1
41,2131,1
41,2132,1
41,2133,4
41,2134,4
41,2135,4
41,2140,4
41,2146,4
41,2147,4
41,2150,4
41,2261,1
41,2262,1
41,2263,1
41,2317,1
41,2320,1
41,2321,1
41,2322,1
41,2323,1
41,2324,1
41,2325,1
41,2326,1
41,2327,1
41,2332,1
41,2333,1
41,2334,1
41,2335,1
41,2336,1
41,2337,1
41,2340,1
41,2341,1
41,2342,1
41,2343,1
41,2344,1
41,2345,2
41,2347,2
41,2353,1
41,2354,1
41,2355,1
41,2356,1
41,2357,1
41,2360,1
41,2361,1
41,2362,1
41,2363,1
41,2364,1
41,2365,1
41,2366,1
41,2367,1
41,2370,1
41,2371,1
41,2372,1
41,2405,1
41,2406,1
41,2407,4
41,2410,3
41,2411,1
41,2413,3
41,2414,3
41,2415,3
41,2416,3
41,2417,3
41,2420,3
41,2421,3
41,2422,3
41,2423,3
41,2424,2
41,2425,2
41,2426,2
41,2427,2
41,2430,2
41,2431,2
41,2432,2
41,2433,1
41,2436,1
41,2443,1
41,2444,1
41,2445,1
41,2446,1
41,2447,1
41,2451,1
41,2466,1
41,2467,1
41,2470,1
41,2471,1
41,2472,1
41,2473,1
41,2474,1
41,2475,1
41,2477,1
41,2500,1
41,2501,1
41,2515,3
41,2516,3
41,2517,3
41,2520,3
41,2521,3
41,2522,3
41,3026,1
41,3027,1
41,3030,1
41,3031,1
41,3032,1
41,3033,1
41,3363,3
41,3364,3
41,3365,3
41,3366,3
41,3367,3
41,3370,3
41,3371,15
41,3372,15
41,3373,15
41,3374,15
41,3375,15
41,3376,15
41,3377,15
41,3400,15
41,3401,15
41,3402,15
41,3403,15
41,3404,15
41,3405,15
41,3406,15
41,3407,15
41,3411,15
41,3412,12
41,3413,3
41,3414,3
41,3415,3
41,3430,2
41,3431,1
41,3432,1
41,3433,1
41,3434,1
41,3436,1
41,3437,1
41,3440,1
41,3441,1
41,3442,1
41,3443,1
41,3445,1
41,3446,1
41,3447,1
41,3450,1
41,3452,2
41,3453,2
41,3454,2
41,3455,2
41,3456,2
41,3457,2
41,3460,2
41,3462,2
41,3463,2
41,3464,2
41,3465,2
41,3544,1
41,3545,1
41,3546,1
41,3547,1
41,3553,1
41,3554,1
41,3555,1
41,3556,1
41,3557,1
41,3560,1
41,3561,1
41,3562,1
41,3563,1
41,3571,1
41,3572,1
41,3576,1
41,3577,1
41,3600,1
41,3601,1
41,3602,1
41,3603,1
41,3604,1
41,3605,1
41,3606,1
41,3607,1
41,3610,1
41,3611,1
41,3612,1
42,2103,2
42,2104,2
42,2105,2
42,2106,2
42,2107,2
42,2110,2
42,2111,2
42,2112,2
42,2113,2
42,2114,2
42,2115,2
42,2116,1
42,2117,1
42,2120,1
42,2121,1
42,2122,1
42,2123,1
42,2124,1
42,2125,1
42,2126,1
42,2127,1
42,2130,1
42,2131,1
42,2132,1
42,2133,1
42,2134,1
42,2135,1
42,2136,1
42,2137,2
42,2140,2
43,3301,3
43,3302,3
43,3303,56856
43,3304,56853
43,3306,56853
43,3332,56856
43,3333,56856
43,3334,56856
43,3336,3
