cycle,instruction_count,bank,pc,word,extended,a,l,q
1771,1000,02,5166,00006,0,166102,003304,1214
3481,2000,01,2637,50064,0,027110,000000,2037
5355,3000,06,2006,12134,0,001770,000000,0336
7105,4000,01,3222,33224,0,003304,003304,1214
8742,5000,01,3223,15166,0,166102,003304,1214
10391,6000,02,4636,50000,0,003335,003304,0000
12053,7000,17,2655,61301,0,000000,000000,4707
13703,8000,01,3214,10067,0,000000,003304,1214
15341,9000,02,5167,01007,1,166102,003304,1214
16978,10000,43,3303,03332,0,000000,003304,3307
18613,11000,01,3223,15166,0,166102,003304,1214
20251,12000,43,3304,11362,0,166102,003304,0002
21914,13000,43,3303,03332,0,000000,003304,3307
23573,14000,43,3306,03303,0,000000,003304,0002
25211,15000,02,4636,50000,0,003335,003304,0000
26849,16000,02,4644,13214,0,000000,003304,1214
28488,17000,01,3214,10067,0,000000,003304,1214
30153,18000,01,3221,54001,0,003304,003304,1214
31792,19000,01,3222,33224,0,003304,003304,1214
33435,20000,01,3222,33224,0,003304,003304,1214
35073,21000,01,3223,15166,0,166102,003304,1214
36711,22000,43,3304,11362,0,166102,003304,0002
38373,23000,02,4636,50000,0,003335,003304,0000
40009,24000,05,0335,03523,0,000077,000000,3770
41646,25000,43,3304,11362,0,166102,003304,0002
43305,26000,01,3222,33224,0,003304,003304,1214
44942,27000,33,0001,03304,0,166102,003304,5172
46606,28000,43,3306,03303,0,000000,003304,0002
48246,29000,02,4642,56002,0,001214,003304,0000
49883,30000,02,4643,50002,0,000000,003304,1214
51522,31000,33,0001,03304,0,166102,003304,5172
53164,32000,06,2101,00006,0,000000,000000,2014
54825,33000,02,5272,30016,0,037766,034106,3307
56465,34000,02,4640,54004,0,003214,003304,0000
58105,35000,02,5170,54006,0,166102,003304,1214
59743,36000,02,5171,00001,0,166102,003304,1214
61377,37000,05,3767,00335,0,000077,000000,3525
63012,38000,43,3303,03332,0,000000,003304,3307
64698,39000,02,5170,54006,0,166102,003304,1214
66335,40000,02,4640,54004,0,003214,003304,0000
67974,41000,02,4641,75012,0,003214,003304,0000
69613,42000,02,5171,00001,0,166102,003304,1214
71249,43000,33,0001,03304,0,166102,003304,5172
72913,44000,43,3306,03303,0,000000,003304,0002
74557,45000,43,3306,03303,0,000000,003304,0002
76195,46000,43,3303,03332,0,000000,003304,3307
77832,47000,43,3332,00006,0,000000,003304,3304
79474,48000,01,3214,10067,0,000000,003304,1214
81139,49000,01,3221,54001,0,003304,003304,1214
82778,50000,01,3222,33224,0,003304,003304,1214
84433,51000,02,4640,54004,0,003214,003304,0000
86066,52000,43,3306,03303,0,000000,003304,0002
87704,53000,43,3303,03332,0,000000,003304,3307
89368,54000,43,3333,23361,1,000000,003304,3304
91005,55000,43,3334,04635,0,000000,003304,3304
92679,56000,02,4641,75012,0,003214,003304,0000
94319,57000,43,3303,03332,0,000000,003304,3307
95955,58000,43,3332,00006,0,000000,003304,3304
97619,59000,43,3334,04635,0,000000,003304,3304
99258,60000,02,4635,56002,0,000000,003304,3335
100896,61000,02,4636,50000,0,003335,003304,0000
102535,62000,02,4637,33335,0,003335,003304,0000
104176,63000,01,3223,15166,0,166102,003304,1214
105834,64000,16,2026,22012,1,004014,002002,1214
107489,65000,43,3334,04635,0,000000,003304,3304
109131,66000,01,3222,33224,0,003304,003304,1214
110769,67000,01,3223,15166,0,166102,003304,1214
112407,68000,02,5166,00006,0,166102,003304,1214
114045,69000,02,4635,56002,0,000000,003304,3335
115718,70000,01,3221,54001,0,003304,003304,1214
117357,71000,01,3222,33224,0,003304,003304,1214
118993,72000,01,3223,15166,0,166102,003304,1214
120629,73000,02,4635,56002,0,000000,003304,3335
122270,74000,01,3223,15166,0,166102,003304,1214
123933,75000,02,5167,01007,1,166102,003304,1214
125588,76000,05,3511,13763,0,002002,000001,3156
127221,77000,43,3334,04635,0,000000,003304,3304
128864,78000,01,3221,54001,0,003304,003304,1214
130502,79000,01,3222,33224,0,003304,003304,1214
132165,80000,02,5166,00006,0,166102,003304,1214
133803,81000,43,3306,03303,0,000000,003304,0002
135445,82000,02,4643,50002,0,000000,003304,1214
137084,83000,01,3223,15166,0,166102,003304,1214
138722,84000,02,5166,00006,0,166102,003304,1214
140385,85000,43,3303,03332,0,000000,003304,3307
142022,86000,02,4637,33335,0,003335,003304,0000
143662,87000,01,3214,10067,0,000000,003304,1214
145304,88000,06,2012,11036,0,000001,000000,0336
146955,89000,05,3527,10337,0,000334,000001,0336
148609,90000,02,4676,32162,0,002161,036000,2162
150257,91000,01,3222,33224,0,003304,003304,1214
151891,92000,43,3334,04635,0,000000,003304,3304
153530,93000,02,4635,56002,0,000000,003304,3335
155171,94000,01,3223,15166,0,166102,003304,1214
156815,95000,01,3223,15166,0,166102,003304,1214
158477,96000,02,4636,50000,0,003335,003304,0000
160117,97000,02,5166,00006,0,166102,003304,1214
161751,98000,43,3332,00006,0,000000,003304,3304
163387,99000,02,4642,56002,0,001214,003304,0000
165023,100000,02,5166,00006,0,166102,003304,1214
166706,101000,01,3223,15166,0,166102,003304,1214
168342,102000,05,3766,10000,0,000100,177777,0336
169978,103000,01,3220,31361,0,000000,003304,1214
171617,104000,01,3221,54001,0,003304,003304,1214
173256,105000,01,3222,33224,0,003304,003304,1214
174918,106000,02,5166,00006,0,166102,003304,1214
176557,107000,02,4635,56002,0,000000,003304,3335
178196,108000,02,4636,50000,0,003335,003304,0000
179832,109000,33,0001,03304,0,166102,003304,5172
181503,110000,43,3333,23361,1,000000,003304,3304
183169,111000,02,4642,56002,0,001214,003304,0000
184808,112000,02,4643,50002,0,000000,003304,1214
186452,113000,06,3145,70061,1,177777,000000,0003
188097,114000,02,5171,00001,0,166102,003304,1214
189735,115000,33,0001,03304,0,166102,003304,5172
191399,116000,43,3306,03303,0,000000,003304,0002
193036,117000,43,3303,03332,0,000000,003304,3307
194675,118000,02,4637,33335,0,003335,003304,0000
196315,119000,01,3214,10067,0,000000,003304,1214
197958,120000,02,5166,00006,0,166102,003304,1214
199597,121000,02,5167,01007,1,166102,003304,1214
201259,122000,43,3332,00006,0,000000,003304,3304
202899,123000,02,4640,54004,0,003214,003304,0000
204539,124000,01,3220,31361,0,000000,003304,1214
206178,125000,01,3221,54001,0,003304,003304,1214
207829,126000,43,3304,11362,0,166102,003304,0002
209490,127000,43,3303,03332,0,000000,003304,3307
211128,128000,43,3332,00006,0,000000,003304,3304
212767,129000,43,3333,23361,1,000000,003304,3304
214405,130000,43,3334,04635,0,000000,003304,3304
216045,131000,02,4642,56002,0,001214,003304,0000
217710,132000,43,3333,23361,1,000000,003304,3304
219348,133000,43,3334,04635,0,000000,003304,3304
220986,134000,02,4635,56002,0,000000,003304,3335
222627,135000,02,4643,50002,0,000000,003304,1214
224265,136000,02,4644,13214,0,000000,003304,1214
225930,137000,43,3304,11362,0,166102,003304,0002
227589,138000,01,3223,15166,0,166102,003304,1214
229221,139000,02,4641,75012,0,003214,003304,0000
230862,140000,02,5170,54006,0,166102,003304,1214
232497,141000,02,4636,50000,0,003335,003304,0000
234162,142000,02,4640,54004,0,003214,003304,0000
235802,143000,02,5170,54006,0,166102,003304,1214
237438,144000,02,4640,54004,0,003214,003304,0000
239082,145000,02,4640,54004,0,003214,003304,0000
240722,146000,02,5170,54006,0,166102,003304,1214
242366,147000,16,2027,31273,0,004014,166002,3525
244023,148000,02,4642,56002,0,001214,003304,0000
245662,149000,02,4643,50002,0,000000,003304,1214
247300,150000,43,3304,11362,0,166102,003304,0002
248959,151000,01,3221,54001,0,003304,003304,1214
250594,152000,05,3524,03653,0,014077,002000,0336
252255,153000,02,4641,75012,0,003214,003304,0000
253894,154000,02,4642,56002,0,001214,003304,0000
255531,155000,02,4643,50002,0,000000,003304,1214
257194,156000,02,4644,13214,0,000000,003304,1214
258842,157000,43,3334,04635,0,000000,003304,3304
260513,158000,43,3306,03303,0,000000,003304,0002
262164,159000,01,3221,54001,0,003304,003304,1214
263807,160000,02,4642,56002,0,001214,003304,0000
265456,161000,43,3303,03332,0,000000,003304,3307
267102,162000,02,5170,54006,0,166102,003304,1214
268791,163000,02,4642,56002,0,001214,003304,0000
270446,164000,05,3632,24336,0,000000,000000,0336
272114,165000,01,3221,54001,0,003304,003304,1214
273758,166000,01,3221,54001,0,003304,003304,1214
275406,167000,02,4636,50000,0,003335,003304,0000
277075,168000,43,3332,00006,0,000000,003304,3304
278729,169000,02,5171,00001,0,166102,003304,1214
280374,170000,01,3222,33224,0,003304,003304,1214
282020,171000,02,4637,33335,0,003335,003304,0000
283666,172000,02,4643,50002,0,000000,003304,1214
285340,173000,02,5276,50017,0,000000,003304,3304
286986,174000,02,5274,52011,0,014006,000000,1214
288623,175000,02,4642,56002,0,001214,003304,0000
290302,176000,40,2101,54115,0,000001,002077,0002
291959,177000,02,5171,00001,0,166102,003304,1214
293600,178000,02,4703,56002,0,000626,034000,2161
295256,179000,43,3306,03303,0,000000,003304,0002
296893,180000,43,3303,03332,0,000000,003304,3307
298531,181000,43,3332,00006,0,000000,003304,3304
300183,182000,02,4635,56002,0,000000,003304,3335
301829,183000,02,4643,50002,0,000000,003304,1214
303502,184000,01,3214,10067,0,000000,003304,1214
305141,185000,01,3220,31361,0,000000,003304,1214
306779,186000,43,3303,03332,0,000000,003304,3307
308415,187000,43,3332,00006,0,000000,003304,3304
310076,188000,02,5167,01007,1,166102,003304,1214
311738,189000,43,3332,00006,0,000000,003304,3304
313376,190000,02,5276,50017,0,000000,003304,3304
315011,191000,02,5167,01007,1,166102,003304,1214
316648,192000,43,3303,03332,0,000000,003304,3307
318285,193000,43,3332,00006,0,000000,003304,3304
319956,194000,02,4637,33335,0,003335,003304,0000
321596,195000,01,3214,10067,0,000000,003304,1214
323235,196000,02,5167,01007,1,166102,003304,1214
324910,197000,01,3221,54001,0,003304,003304,1214
326547,198000,43,3303,03332,0,000000,003304,3307
328211,199000,43,3333,23361,1,000000,003304,3304
329876,200000,02,5276,50017,0,003214,003304,0000
331517,201000,43,3332,00006,0,000000,003304,3304
333167,202000,01,3220,31361,0,000000,003304,1214
334806,203000,01,3221,54001,0,003304,003304,1214
336463,204000,02,4640,54004,0,003214,003304,0000
338102,205000,02,5170,54006,0,166102,003304,1214
339739,206000,02,4640,54004,0,003214,003304,0000
341377,207000,43,3303,03332,0,000000,003304,3307
343013,208000,02,4641,75012,0,003214,003304,0000
344650,209000,01,3223,15166,0,166102,003304,1214
346311,210000,43,3303,03332,0,000000,003304,3307
347951,211000,02,4636,50000,0,003335,003304,0000
349590,212000,02,4637,33335,0,003335,003304,0000
351249,213000,43,3306,03303,0,000000,003304,0002
352887,214000,43,3303,03332,0,000000,003304,3307
354549,215000,43,3333,23361,1,000000,003304,3304
356187,216000,43,3334,04635,0,000000,003304,3304
357823,217000,05,3527,10337,0,002740,000400,0336
359620,218000,05,3757,03605,0,177777,177777,0336
361261,219000,02,5272,30016,0,146377,177340,3304
363104,220000,20,3736,10157,1,177626,164377,0003
364931,221000,02,5167,01007,1,166102,003304,1214
366575,222000,01,3220,31361,0,000000,003304,1214
368223,223000,02,4635,56002,0,000000,003304,3335
369866,224000,43,3306,03303,0,000000,003304,0002
371544,225000,01,3222,33224,0,003304,003304,1214
373187,226000,02,4643,50002,0,000000,003304,1214
374825,227000,01,3223,15166,0,166102,003304,1214
376475,228000,01,3214,10067,0,000000,003304,1214
378119,229000,01,3214,10067,0,000000,003304,1214
379793,230000,02,4635,56002,0,000000,003304,3335
381436,231000,02,4635,56002,0,000000,003304,3335
383083,232000,02,4643,50002,0,000000,003304,1214
384727,233000,02,4643,50002,0,000000,003304,1214
386376,234000,02,4637,33335,0,003335,003304,0000
388045,235000,43,3333,23361,1,000000,003304,3304
389697,236000,02,5166,00006,0,166102,003304,1214
391341,237000,01,3214,10067,0,000000,003304,1214
392989,238000,43,3334,04635,0,000000,003304,3304
394633,239000,43,3304,11362,0,166102,003304,0002
396321,240000,02,4644,13214,0,000000,003304,1214
397965,241000,02,4644,13214,0,000000,003304,1214
399614,242000,43,3333,23361,1,000000,003304,3304
401258,243000,33,0001,03304,0,166102,003304,5172
402905,244000,01,3222,33224,0,003304,003304,1214
404548,245000,16,2027,31273,0,004014,002002,3525
406204,246000,02,5170,54006,0,166102,003304,1214
407840,247000,02,4636,50000,0,003335,003304,0000
409479,248000,02,4637,33335,0,003335,003304,0000
411120,249000,02,5166,00006,0,166102,003304,1214
412757,250000,43,3334,04635,0,000000,003304,3304
414422,251000,02,4636,50000,0,003335,003304,0000
416082,252000,02,4643,50002,0,000000,003304,1214
417720,253000,43,3304,11362,0,166102,003304,0002
419356,254000,43,3306,03303,0,000000,003304,0002
420995,255000,02,4644,13214,0,000000,003304,1214
422660,256000,01,3220,31361,0,000000,003304,1214
424295,257000,43,3332,00006,0,000000,003304,3304
425934,258000,43,3333,23361,1,000000,003304,3304
427574,259000,02,5166,00006,0,166102,003304,1214
429210,260000,02,4636,50000,0,003335,003304,0000
430875,261000,02,4640,54004,0,003214,003304,0000
432514,262000,02,4641,75012,0,003214,003304,0000
434153,263000,02,4642,56002,0,001214,003304,0000
435792,264000,02,4643,50002,0,000000,003304,1214
437447,265000,43,3334,04635,0,000000,003304,3304
439116,266000,01,3222,33224,0,003304,003304,1214
440754,267000,01,3223,15166,0,166102,003304,1214
442390,268000,02,5166,00006,0,166102,003304,1214
444029,269000,02,5167,01007,1,166102,003304,1214
445668,270000,02,5170,54006,0,166102,003304,1214
447329,271000,02,4707,56073,0,000000,000000,0003
448970,272000,02,4641,75012,0,003214,003304,0000
450602,273000,43,3303,03332,0,000000,003304,3307
452274,274000,02,4636,50000,0,003335,003304,0000
453913,275000,02,4644,13214,0,000000,003304,1214
455552,276000,01,3214,10067,0,000000,003304,1214
457235,277000,02,4640,54004,0,003214,003304,0000
458874,278000,02,4641,75012,0,003214,003304,0000
460513,279000,02,4642,56002,0,001214,003304,0000
462152,280000,02,4643,50002,0,000000,003304,1214
463791,281000,02,5171,00001,0,166102,003304,1214
465453,282000,43,3304,11362,0,166102,003304,0002
467097,283000,02,4642,56002,0,001214,003304,0000
468736,284000,02,4643,50002,0,000000,003304,1214
470366,285000,43,3333,23361,1,000000,003304,3304
472004,286000,43,3334,04635,0,000000,003304,3304
473673,287000,01,3222,33224,0,003304,003304,1214
475309,288000,43,3332,00006,0,000000,003304,3304
476947,289000,43,3333,23361,1,000000,003304,3304
478607,290000,02,5167,01007,1,166102,003304,1214
480244,291000,02,4637,33335,0,003335,003304,0000
481910,292000,02,5170,54006,0,166102,003304,1214
483548,293000,02,5171,00001,0,166102,003304,1214
485186,294000,33,0001,03304,0,166102,003304,5172
486824,295000,02,4641,75012,0,003214,003304,0000
488466,296000,02,5170,54006,0,166102,003304,1214
490129,297000,33,0001,03304,0,166102,003304,5172
491763,298000,01,3220,31361,0,000000,003304,1214
493401,299000,02,5170,54006,0,166102,003304,1214
495039,300000,02,5171,00001,0,166102,003304,1214
496676,301000,43,3333,23361,1,000000,003304,3304
498335,302000,02,5171,00001,0,166102,003304,1214
499997,303000,43,3334,04635,0,000000,003304,3304
501638,304000,02,4642,56002,0,001214,003304,0000
503278,305000,01,3222,33224,0,003304,003304,1214
504915,306000,33,0001,03304,0,166102,003304,5172
506554,307000,02,4640,54004,0,003214,003304,0000
508224,308000,02,4641,75012,0,003214,003304,0000
509861,309000,02,5171,00001,0,166102,003304,1214
511498,310000,05,3701,00006,0,000000,000000,3525
513133,311000,01,3220,31361,0,000000,003304,1214
514768,312000,43,3332,00006,0,000000,003304,3304
516432,313000,43,3334,04635,0,000000,003304,3304
518074,314000,01,3222,33224,0,003304,003304,1214
519731,315000,02,5170,54006,0,166102,003304,1214
521363,316000,43,3334,04635,0,000000,003304,3304
523001,317000,02,4644,13214,0,000000,003304,1214
524663,318000,02,5171,00001,0,166102,003304,1214
526298,319000,43,3334,04635,0,000000,003304,3304
527940,320000,02,4641,75012,0,003214,003304,0000
529582,321000,02,5170,54006,0,166102,003304,1214
531220,322000,02,5171,00001,0,166102,003304,1214
532882,323000,43,3304,11362,0,166102,003304,0002
534516,324000,01,3221,54001,0,003304,003304,1214
536155,325000,01,3222,33224,0,003304,003304,1214
537792,326000,01,3223,15166,0,166102,003304,1214
539444,327000,43,3332,00006,0,000000,003304,3304
541134,328000,16,2161,04674,0,000000,000000,0073
542783,329000,01,3220,31361,0,000000,003304,1214
544421,330000,01,3221,54001,0,003304,003304,1214
546060,331000,01,3222,33224,0,003304,003304,1214
547698,332000,01,3223,15166,0,166102,003304,1214
549342,333000,01,3223,15166,0,166102,003304,1214
551006,334000,02,5167,01007,1,166102,003304,1214
552643,335000,43,3303,03332,0,000000,003304,3307
554278,336000,01,3223,15166,0,166102,003304,1214
555914,337000,43,3304,11362,0,166102,003304,0002
557551,338000,02,4635,56002,0,000000,003304,3335
559221,339000,02,5056,67737,0,000000,000000,3134
560873,340000,43,3334,04635,0,000000,003304,3304
562513,341000,02,4642,56002,0,001214,003304,0000
564153,342000,01,3222,33224,0,003304,003304,1214
565791,343000,01,3223,15166,0,166102,003304,1214
567454,344000,02,5167,01007,1,166102,003304,1214
569093,345000,02,5170,54006,0,166102,003304,1214
570732,346000,02,4637,33335,0,003335,003304,0000
572371,347000,02,4640,54004,0,003214,003304,0000
574011,348000,01,3220,31361,0,000000,003304,1214
575668,349000,02,4637,33335,0,003335,003304,0000
577308,350000,01,3214,10067,0,000000,003304,1214
578945,351000,01,3220,31361,0,000000,003304,1214
580602,352000,02,4640,54004,0,003214,003304,0000
582242,353000,01,3220,31361,0,000000,003304,1214
583907,354000,01,3222,33224,0,003304,003304,1214
585542,355000,43,3332,00006,0,000000,003304,3304
587181,356000,43,3333,23361,1,000000,003304,3304
588823,357000,01,3220,31361,0,000000,003304,1214
590466,358000,43,3304,11362,0,166102,003304,0002
592104,359000,43,3306,03303,0,000000,003304,0002
593769,360000,01,3214,10067,0,000000,003304,1214
595404,361000,02,5270,00006,0,000000,000000,0336
597041,362000,01,3223,15166,0,166102,003304,1214
598679,363000,02,5166,00006,0,166102,003304,1214
600336,364000,02,5276,50017,0,166102,003304,0002
601998,365000,43,3306,03303,0,000000,003304,0002
603637,366000,02,4644,13214,0,000000,003304,1214
605276,367000,01,3214,10067,0,000000,003304,1214
606912,368000,43,3303,03332,0,000000,003304,3307
608550,369000,43,3332,00006,0,000000,003304,3304
610214,370000,43,3334,04635,0,000000,003304,3304
611858,371000,01,3221,54001,0,003304,003304,1214
613496,372000,01,3222,33224,0,003304,003304,1214
615134,373000,01,3223,15166,0,166102,003304,1214
616771,374000,43,3334,04635,0,000000,003304,3304
618436,375000,02,4636,50000,0,003335,003304,0000
620070,376000,33,0001,03304,0,166102,003304,5172
621730,377000,01,3222,33224,0,003304,003304,1214
623368,378000,01,3223,15166,0,166102,003304,1214
625004,379000,02,5166,00006,0,166102,003304,1214
626669,380000,02,5170,54006,0,166102,003304,1214
628306,381000,02,5171,00001,0,166102,003304,1214
629976,382000,43,3332,00006,0,000000,003304,3304
631620,383000,02,4637,33335,0,003335,003304,0000
633259,384000,02,4640,54004,0,003214,003304,0000
634904,385000,16,2032,12041,0,007777,002002,3525
636562,386000,02,4643,50002,0,000000,003304,1214
638200,387000,02,4644,13214,0,000000,003304,1214
639837,388000,02,5270,00006,0,000000,000000,3525
641492,389000,02,5170,54006,0,166102,003304,1214
643129,390000,02,4636,50000,0,003335,003304,0000
644794,391000,02,4640,54004,0,003214,003304,0000
646434,392000,02,5170,54006,0,166102,003304,1214
648070,393000,02,5171,00001,0,166102,003304,1214
649708,394000,33,0001,03304,0,166102,003304,5172
651351,395000,06,2101,00006,0,000000,021316,2015
653013,396000,02,4636,50000,0,003335,003304,0000
654652,397000,02,4637,33335,0,003335,003304,0000
656291,398000,02,4640,54004,0,003214,003304,0000
657931,399000,02,5170,54006,0,166102,003304,1214
659567,400000,02,4640,54004,0,003214,003304,0000
661232,401000,02,4642,56002,0,001214,003304,0000
662885,402000,02,5167,01007,1,166102,003304,1214
664524,403000,02,5170,54006,0,166102,003304,1214
666162,404000,02,4637,33335,0,003335,003304,0000
667801,405000,02,4640,54004,0,003214,003304,0000
669466,406000,02,4642,56002,0,001214,003304,0000
671104,407000,01,3222,33224,0,003304,003304,1214
672748,408000,01,3222,33224,0,003304,003304,1214
674385,409000,33,0001,03304,0,166102,003304,5172
676023,410000,43,3304,11362,0,166102,003304,0002
677679,411000,02,4701,22004,0,035446,035446,2163
679326,412000,02,4644,13214,0,000000,003304,1214
680965,413000,02,5166,00006,0,166102,003304,1214
682623,414000,01,3222,33224,0,003304,003304,1214
684283,415000,05,3526,13527,0,000334,001156,0336
685920,416000,01,3223,15166,0,166102,003304,1214
687584,417000,02,5167,01007,1,166102,003304,1214
689221,418000,02,4637,33335,0,003335,003304,0000
690860,419000,02,4640,54004,0,003214,003304,0000
692513,420000,02,4643,50002,0,000000,003304,1214
694153,421000,02,4636,50000,0,003335,003304,0000
695828,422000,02,5167,01007,1,166102,003304,1214
697465,423000,02,4637,33335,0,003335,003304,0000
699103,424000,01,3221,54001,0,003304,003304,1214
700737,425000,43,3304,11362,0,166102,003304,0002
702373,426000,05,3705,01035,1,177777,177777,0336
704053,427000,01,3222,33224,0,003304,003304,1214
705688,428000,43,3304,11362,0,166102,003304,0002
707326,429000,43,3334,04635,0,000000,003304,3304
708965,430000,02,4635,56002,0,000000,003304,3335
710604,431000,02,4636,50000,0,003335,003304,0000
712269,432000,02,4640,54004,0,003214,003304,0000
713913,433000,02,4637,33335,0,003335,003304,0000
715552,434000,02,4640,54004,0,003214,003304,0000
717224,435000,01,3207,54067,0,177777,000110,2315
718896,436000,01,3214,10067,0,000000,003304,1214
720561,437000,02,5170,54006,0,166102,003304,1214
722193,438000,02,4644,13214,0,000000,003304,1214
723856,439000,02,4635,56002,0,000000,003304,3335
725500,440000,43,3306,03303,0,000000,003304,0002
727147,441000,43,3303,03332,0,000000,003304,3307
728792,442000,02,4677,24002,0,036626,001540,2160
730448,443000,43,3334,04635,0,000000,003304,3304
732089,444000,02,4642,56002,0,001214,003304,0000
733729,445000,43,3303,03332,0,000000,003304,3307
735368,446000,02,4637,33335,0,003335,003304,0000
737007,447000,02,4640,54004,0,003214,003304,0000
738673,448000,01,3221,54001,0,003304,003304,1214
740311,449000,02,5171,00001,0,166102,003304,1214
741946,450000,43,3333,23361,1,000000,003304,3304
743586,451000,02,5062,00006,0,031103,000000,3134
745239,452000,02,4644,13214,0,000000,003304,1214
746904,453000,01,3220,31361,0,000000,003304,1214
748542,454000,01,3221,54001,0,003304,003304,1214
750181,455000,01,3222,33224,0,003304,003304,1214
751853,456000,02,4637,33335,0,003335,003304,0000
753492,457000,01,3214,10067,0,000000,003304,1214
755169,458000,02,5170,54006,0,166102,003304,1214
756813,459000,01,3221,54001,0,003304,003304,1214
758461,460000,01,3222,33224,0,003304,003304,1214
760098,461000,33,0001,03304,0,166102,003304,5172
761737,462000,43,3304,11362,0,166102,003304,0002
763402,463000,02,4642,56002,0,001214,003304,0000
765058,464000,05,3510,22012,1,002002,000001,1214
766691,465000,02,5166,00006,0,166102,003304,1214
768329,466000,02,4635,56002,0,000000,003304,3335
769971,467000,01,3221,54001,0,003304,003304,1214
771635,468000,01,3223,15166,0,166102,003304,1214
773270,469000,02,4635,56002,0,000000,003304,3335
774911,470000,43,3332,00006,0,000000,003304,3304
776550,471000,43,3333,23361,1,000000,003304,3304
778190,472000,01,3221,54001,0,003304,003304,1214
779829,473000,01,3222,33224,0,003304,003304,1214
781490,474000,02,4635,56002,0,000000,003304,3335
783129,475000,02,4636,50000,0,003335,003304,0000
784789,476000,02,4642,56002,0,001214,003304,0000
785405,476359,31,0133,03462,0,004000,002077,4635
785413,476365,31,0002,03463,0,020042,002077,3463
785419,476369,31,0136,05155,0,000001,002077,3466
786455,477000,01,3221,54001,0,003304,003304,1214
788094,478000,01,3222,33224,0,003304,003304,1214
789755,479000,02,5166,00006,0,166102,003304,1214
791394,480000,02,5167,01007,1,166102,003304,1214
793033,481000,02,5170,54006,0,166102,003304,1214
794675,482000,02,4021,34064,0,012000,140000,1214
796321,483000,43,3332,00006,0,000000,003304,3304
797992,484000,33,0001,03304,0,166102,003304,5172
799640,485000,43,3304,11362,0,166102,003304,0002
801277,486000,43,3306,03303,0,000000,003304,0002
802915,487000,43,3303,03332,0,000000,003304,3307
804553,488000,43,3332,00006,0,000000,003304,3304
806239,489000,02,5167,01007,1,166102,003304,1214
807875,490000,05,3513,05013,1,000100,001661,0003
809545,491000,01,3222,33224,0,003304,003304,1214
811182,492000,33,0001,03304,0,166102,003304,5172
812821,493000,43,3304,11362,0,166102,003304,0002
814482,494000,43,3303,03332,0,000000,003304,3307
816125,495000,02,4643,50002,0,000000,003304,1214
817763,496000,02,4644,13214,0,000000,003304,1214
819427,497000,40,3333,10000,0,000001,002077,0021
821077,498000,02,4637,33335,0,003335,003304,0000
822733,499000,16,2161,04674,0,000000,000000,0073
824381,500000,02,5171,00001,0,166102,003304,1214
826047,501000,01,3222,33224,0,003304,003304,1214
827687,502000,05,3764,00006,0,000100,000000,2152
829329,503000,43,3333,23361,1,000000,003304,3304
830971,504000,01,3220,31361,0,000000,003304,1214
832634,505000,43,3303,03332,0,000000,003304,3307
834272,506000,43,3332,00006,0,000000,003304,3304
835917,507000,43,3303,03332,0,000000,003304,3307
837557,508000,01,3214,10067,0,000000,003304,1214
839192,509000,43,3303,03332,0,000000,003304,3307
840856,510000,43,3333,23361,1,000000,003304,3304
842494,511000,43,3334,04635,0,000000,003304,3304
844136,512000,01,3221,54001,0,003304,003304,1214
845775,513000,01,3222,33224,0,003304,003304,1214
847431,514000,02,4640,54004,0,003214,003304,0000
849089,515000,43,3303,03332,0,000000,003304,3307
850727,516000,02,4637,33335,0,003335,003304,0000
852366,517000,02,4640,54004,0,003214,003304,0000
854039,518000,43,3334,04635,0,000000,003304,3304
855678,519000,02,4635,56002,0,000000,003304,3335
857353,520000,43,3304,11362,0,166102,003304,0002
858997,521000,43,3304,11362,0,166102,003304,0002
860643,522000,02,4635,56002,0,000000,003304,3335
862282,523000,02,4643,50002,0,000000,003304,1214
863921,524000,02,5171,00001,0,166102,003304,1214
865585,525000,43,3304,11362,0,166102,003304,0002
867242,526000,43,3333,23361,1,000000,003304,3304
868879,527000,43,3334,04635,0,000000,003304,3304
870515,528000,02,5170,54006,0,166102,003304,1214
872152,529000,02,4640,54004,0,003214,003304,0000
873790,530000,02,4641,75012,0,003214,003304,0000
875454,531000,33,0001,03304,0,166102,003304,5172
877098,532000,02,4640,54004,0,003214,003304,0000
878736,533000,01,3222,33224,0,003304,003304,1214
880370,534000,43,3306,03303,0,000000,003304,0002
882006,535000,02,4640,54004,0,003214,003304,0000
883671,536000,01,3222,33224,0,003304,003304,1214
885308,537000,02,5171,00001,0,166102,003304,1214
886957,538000,06,3140,30032,0,037777,000000,0003
887694,538432,31,0002,02032,0,020002,002077,2032
887696,538434,31,1013,03431,0,020002,002077,2033
887762,538472,31,0133,03445,0,005633,002077,4635
888738,539000,02,5537,30102,0,000017,000006,5520
890574,540000,04,2330,00004,0,003045,002001,0330
891789,540650,32,2776,05353,0,002772,002002,3206
891932,540724,32,3000,04616,0,002312,020003,3000
892422,541000,10,3231,00003,0,011343,002001,2600
893087,541374,31,0117,03602,0,177754,000000,2350
893176,541420,31,0002,02333,0,001661,164001,2333
893515,541610,31,0117,03604,0,177754,000000,2350
893626,541673,31,0133,03462,0,172000,000000,4635
893634,541679,31,0002,03463,0,020042,000000,3463
893640,541683,31,0136,04202,0,000001,000000,3466
894187,542000,02,4642,56002,0,001214,003304,0000
895820,543000,43,3332,00006,0,000000,003304,3304
897503,544000,05,3632,24336,0,000000,000000,0336
899181,545000,43,3303,03332,0,000000,003304,3307
900857,546000,02,4640,54004,0,003214,003304,0000
902500,547000,43,3333,23361,1,000000,003304,3304
904154,548000,01,3222,33224,0,003304,003304,1214
905795,549000,02,4643,50002,0,000000,003304,1214
907442,550000,06,2404,00006,0,000000,016000,6741
909113,551000,01,3214,10067,0,000000,003304,1214
910755,552000,06,2027,56776,0,177777,000000,2142
912403,553000,01,3221,54001,0,003304,003304,1214
914046,554000,02,4642,56002,0,001214,003304,0000
915695,555000,43,3303,03332,0,000000,003304,3307
917363,556000,05,3523,10336,0,000077,034106,0336
919024,557000,43,3303,03332,0,000000,003304,3307
920668,558000,43,3303,03332,0,000000,003304,3307
922320,559000,02,5171,00001,0,166102,003304,1214
923965,560000,01,3222,33224,0,003304,003304,1214
925639,561000,02,4640,54004,0,003214,003304,0000
927283,562000,02,4640,54004,0,003214,003304,0000
928934,563000,43,3333,23361,1,000000,003304,3304
930579,564000,33,0001,03304,0,166102,003304,5172
932228,565000,02,5166,00006,0,166102,003304,1214
933898,566000,02,5167,01007,1,166102,003304,1214
935549,567000,01,3221,54001,0,003304,003304,1214
937192,568000,02,4642,56002,0,001214,003304,0000
938847,569000,43,3332,00006,0,000000,003304,3304
940485,570000,05,3511,13763,0,002002,000000,3525
942128,571000,02,4701,22004,0,036626,036626,2161
943785,572000,02,4643,50002,0,000000,003304,1214
945423,573000,02,4644,13214,0,000000,003304,1214
947063,574000,43,3304,11362,0,166102,003304,0002
948705,575000,02,5166,00006,0,166102,003304,1214
950344,576000,02,5167,01007,1,166102,003304,1214
952007,577000,02,4640,54004,0,003214,003304,0000
953647,578000,02,5170,54006,0,166102,003304,1214
955283,579000,02,5171,00001,0,166102,003304,1214
956921,580000,02,4641,75012,0,003214,003304,0000
958561,581000,06,3006,30110,0,000000,000000,2014
960245,582000,01,3221,54001,0,003304,003304,1214
961875,583000,02,4637,33335,0,003335,003304,0000
963514,584000,02,4640,54004,0,003214,003304,0000
965154,585000,02,5170,54006,0,166102,003304,1214
966791,586000,02,5171,00001,0,166102,003304,1214
968455,587000,43,3304,11362,0,166102,003304,0002
970099,588000,33,0001,03304,0,166102,003304,5172
971738,589000,43,3304,11362,0,166102,003304,0002
973376,590000,43,3306,03303,0,000000,003304,0002
975017,591000,02,4643,50002,0,000000,003304,1214
976681,592000,01,3214,10067,0,000000,003304,1214
978318,593000,01,3220,31361,0,000000,003304,1214
979974,594000,02,4635,56002,0,000000,003304,3335
981613,595000,02,4636,50000,0,003335,003304,0000
983251,596000,02,4637,33335,0,003335,003304,0000
984907,597000,16,3457,61277,0,000000,000000,4707
986547,598000,43,3303,03332,0,000000,003304,3307
988219,599000,02,4636,50000,0,003335,003304,0000
989861,600000,02,5171,00001,0,166102,003304,1214
991499,601000,33,0001,03304,0,166102,003304,5172
993138,602000,43,3304,11362,0,166102,003304,0002
994801,603000,43,3303,03332,0,000000,003304,3307
996439,604000,43,3332,00006,0,000000,003304,3304
998078,605000,43,3333,23361,1,000000,003304,3304
999737,606000,06,3152,00006,0,037777,177777,0003
1001374,607000,02,4636,50000,0,003335,003304,0000
1003040,608000,02,5167,01007,1,166102,003304,1214
1004673,609000,02,4643,50002,0,000000,003304,1214
1006311,610000,02,4644,13214,0,000000,003304,1214
1007949,611000,01,3214,10067,0,000000,003304,1214
1009588,612000,43,3306,03303,0,000000,003304,0002
1011257,613000,02,4635,56002,0,000000,003304,3335
1012895,614000,02,4636,50000,0,003335,003304,0000
1014535,615000,02,4644,13214,0,000000,003304,1214
1016174,616000,01,3214,10067,0,000000,003304,1214
1017813,617000,01,3220,31361,0,000000,003304,1214
1019477,618000,02,5171,00001,0,166102,003304,1214
1021135,619000,01,3214,10067,0,000000,003304,1214
1022774,620000,01,3220,31361,0,000000,003304,1214
1024403,621000,02,4636,50000,0,003335,003304,0000
1026043,622000,02,4644,13214,0,000000,003304,1214
1027708,623000,01,3220,31361,0,000000,003304,1214
1029347,624000,01,3221,54001,0,003304,003304,1214
1030985,625000,02,4636,50000,0,003335,003304,0000
1032625,626000,02,4644,13214,0,000000,003304,1214
1034264,627000,02,5166,00006,0,166102,003304,1214
1035901,628000,43,3306,03303,0,000000,003304,0002
1037565,629000,02,4637,33335,0,003335,003304,0000
1039205,630000,01,3214,10067,0,000000,003304,1214
1040864,631000,02,4643,50002,0,000000,003304,1214
1042500,632000,02,4042,56006,0,012100,000000,3307
1044136,633000,01,3214,10067,0,000000,003304,1214
1045801,634000,01,3221,54001,0,003304,003304,1214
1047435,635000,43,3333,23361,1,000000,003304,3304
1049073,636000,43,3334,04635,0,000000,003304,3304
1050717,637000,06,2117,12120,0,000000,000000,2014
1052358,638000,01,3221,54001,0,003304,003304,1214
1054019,639000,43,3334,04635,0,000000,003304,3304
1055661,640000,01,3222,33224,0,003304,003304,1214
1057295,641000,43,3306,03303,0,000000,003304,0002
1058930,642000,02,4640,54004,0,003214,003304,0000
1060568,643000,01,3222,33224,0,003304,003304,1214
1062248,644000,02,5271,22012,1,177777,177777,0336
1063881,645000,02,4636,50000,0,003335,003304,0000
1065523,646000,01,3222,33224,0,003304,003304,1214
1067160,647000,43,3333,23361,1,000000,003304,3304
1068796,648000,43,3334,04635,0,000000,003304,3304
1070461,649000,02,4636,50000,0,003335,003304,0000
1072104,650000,02,5171,00001,0,166102,003304,1214
1073742,651000,43,3332,00006,0,000000,003304,3304
1075378,652000,02,5166,00006,0,166102,003304,1214
1077075,653000,43,3303,03332,0,000000,003304,3307
1078719,654000,16,2025,00006,0,004014,166002,0000
1080372,655000,43,3334,04635,0,000000,003304,3304
1082033,656000,02,5171,00001,0,166102,003304,1214
1083670,657000,33,0001,03304,0,166102,003304,5172
1085309,658000,43,3304,11362,0,166102,003304,0002
1086947,659000,43,3306,03303,0,000000,003304,0002
1088610,660000,43,3332,00006,0,000000,003304,3304
1090252,661000,01,3214,10067,0,000000,003304,1214
1091896,662000,02,4644,13214,0,000000,003304,1214
1093533,663000,01,3214,10067,0,000000,003304,1214
1095172,664000,01,3220,31361,0,000000,003304,1214
1096837,665000,01,3222,33224,0,003304,003304,1214
1098474,666000,33,0001,03304,0,166102,003304,5172
1100110,667000,43,3334,04635,0,000000,003304,3304
1101749,668000,02,4635,56002,0,000000,003304,3335
1103404,669000,05,3511,13763,0,166002,000001,3156
1105068,670000,01,3220,31361,0,000000,003304,1214
1106706,671000,02,5170,54006,0,166102,003304,1214
1108344,672000,02,5171,00001,0,166102,003304,1214
1109982,673000,33,0001,03304,0,166102,003304,5172
1111619,674000,43,3334,04635,0,000000,003304,3304
1113289,675000,02,5170,54006,0,166102,003304,1214
1114925,676000,43,3332,00006,0,000000,003304,3304
1116562,677000,43,3333,23361,1,000000,003304,3304
1118200,678000,43,3334,04635,0,000000,003304,3304
1119841,679000,02,4642,56002,0,001214,003304,0000
1121503,680000,16,2153,54030,0,037766,034106,0073
1123164,681000,01,3220,31361,0,000000,003304,1214
1124799,682000,05,3700,13564,0,000112,000000,0336
1126437,683000,01,3223,15166,0,166102,003304,1214
1128073,684000,43,3333,23361,1,000000,003304,3304
1129711,685000,43,3334,04635,0,000000,003304,3304
1131378,686000,01,3223,15166,0,166102,003304,1214
1133020,687000,43,3333,23361,1,000000,003304,3304
1134658,688000,43,3334,04635,0,000000,003304,3304
1136300,689000,01,3222,33224,0,003304,003304,1214
1137938,690000,01,3223,15166,0,166102,003304,1214
1139598,691000,02,4636,50000,0,003335,003304,0000
1141237,692000,02,4637,33335,0,003335,003304,0000
1142880,693000,06,2117,12127,0,000000,000000,2014
1144535,694000,02,4642,56002,0,001214,003304,0000
1146173,695000,02,4643,50002,0,000000,003304,1214
1147829,696000,43,3334,04635,0,000000,003304,3304
1149468,697000,02,4635,56002,0,000000,003304,3335
1151106,698000,02,4636,50000,0,003335,003304,0000
1152745,699000,02,4637,33335,0,003335,003304,0000
1154387,700000,43,3333,23361,1,000000,003304,3304
1156051,701000,02,4635,56002,0,000000,003304,3335
1157690,702000,02,4636,50000,0,003335,003304,0000
1159329,703000,02,4637,33335,0,003335,003304,0000
1160968,704000,02,4640,54004,0,003214,003304,0000
1162605,705000,02,4641,75012,0,003214,003304,0000
1164287,706000,43,3333,23361,1,000000,003304,3304
1165960,707000,02,4640,54004,0,003214,003304,0000
1167595,708000,05,3545,10000,0,024340,000000,0336
1169230,709000,02,4636,50000,0,003335,003304,0000
1170869,710000,02,4637,33335,0,003335,003304,0000
1172514,711000,16,2005,12157,1,000000,002002,2042
1174177,712000,02,4640,54004,0,003214,003304,0000
1175816,713000,02,4641,75012,0,003214,003304,0000
1177455,714000,02,4642,56002,0,001214,003304,0000
1179095,715000,02,5170,54006,0,166102,003304,1214
1180733,716000,02,5171,00001,0,166102,003304,1214
1182397,717000,02,4642,56002,0,001214,003304,0000
1184053,718000,43,3332,00006,0,000000,003304,3304
1185690,719000,43,3333,23361,1,000000,003304,3304
1187332,720000,01,3220,31361,0,000000,003304,1214
1188971,721000,02,5170,54006,0,166102,003304,1214
1190629,722000,01,3214,10067,0,000000,003304,1214
1192267,723000,01,3220,31361,0,000000,003304,1214
1193906,724000,02,5170,54006,0,166102,003304,1214
1195545,725000,02,4636,50000,0,003335,003304,0000
1197183,726000,02,4637,33335,0,003335,003304,0000
1198849,727000,01,3220,31361,0,000000,003304,1214
1200488,728000,01,3221,54001,0,003304,003304,1214
1202127,729000,01,3222,33224,0,003304,003304,1214
1203764,730000,33,0001,03304,0,166102,003304,5172
1205424,731000,01,3221,54001,0,003304,003304,1214
1207088,732000,01,3223,15166,0,166102,003304,1214
1208724,733000,43,3304,11362,0,166102,003304,0002
1210361,734000,02,4635,56002,0,000000,003304,3335
1211998,735000,05,3657,33531,0,000215,000215,0336
1213632,736000,43,3333,23361,1,000000,003304,3304
1215299,737000,16,3452,71414,1,000000,000000,4707
1216943,738000,01,3220,31361,0,000000,003304,1214
1218582,739000,02,5170,54006,0,166102,003304,1214
1220217,740000,43,3332,00006,0,000000,003304,3304
1221858,741000,02,4644,13214,0,000000,003304,1214
1223497,742000,01,3214,10067,0,000000,003304,1214
1225182,743000,01,3222,33224,0,003304,003304,1214
1226820,744000,01,3223,15166,0,166102,003304,1214
1228456,745000,02,4635,56002,0,000000,003304,3335
1230095,746000,02,4636,50000,0,003335,003304,0000
1231733,747000,02,5166,00006,0,166102,003304,1214
1233395,748000,05,3671,24337,0,003112,034106,0336
1235034,749000,06,2102,12116,1,000000,000000,2014
1236669,750000,01,3222,33224,0,003304,003304,1214
1238303,751000,43,3306,03303,0,000000,003304,0002
1239939,752000,02,4640,54004,0,003214,003304,0000
1241604,753000,01,3222,33224,0,003304,003304,1214
1243239,754000,43,3332,00006,0,000000,003304,3304
1244881,755000,01,3214,10067,0,000000,003304,1214
1246538,756000,02,4636,50000,0,003335,003304,0000
1248177,757000,02,4637,33335,0,003335,003304,0000
1249843,758000,01,3220,31361,0,000000,003304,1214
1251483,759000,02,5167,01007,1,166102,003304,1214
1253116,760000,05,3526,13527,0,000322,000000,0336
1254747,761000,43,3333,23361,1,000000,003304,3304
1256452,762000,02,4640,54004,0,003214,003304,0000
1258118,763000,02,5167,01007,1,166102,003304,1214
1259757,764000,02,5170,54006,0,166102,003304,1214
1261394,765000,02,5171,00001,0,166102,003304,1214
1263032,766000,33,0001,03304,0,166102,003304,5172
1264671,767000,43,3304,11362,0,166102,003304,0002
1266329,768000,01,3221,54001,0,003304,003304,1214
1267992,769000,43,3333,23361,1,000000,003304,3304
1269630,770000,43,3334,04635,0,000000,003304,3304
1271268,771000,05,3765,02013,1,000100,000000,3525
1272904,772000,02,5171,00001,0,166102,003304,1214
1274542,773000,33,0001,03304,0,166102,003304,5172
1276209,774000,02,4641,75012,0,003214,003304,0000
1277847,775000,01,3221,54001,0,003304,003304,1214
1279485,776000,02,5171,00001,0,166102,003304,1214
1281172,777000,02,4637,33335,0,003335,003304,0000
1282811,778000,02,4640,54004,0,003214,003304,0000
1284476,779000,01,3221,54001,0,003304,003304,1214
1286115,780000,01,3222,33224,0,003304,003304,1214
1287784,781000,01,3221,54001,0,003304,003304,1214
1289428,782000,01,3221,54001,0,003304,003304,1214
1291074,783000,02,5171,00001,0,166102,003304,1214
1292736,784000,43,3334,04635,0,000000,003304,3304
1294372,785000,02,5170,54006,0,166102,003304,1214
1296010,786000,02,5171,00001,0,166102,003304,1214
1297655,787000,02,5170,54006,0,166102,003304,1214
1299291,788000,43,3332,00006,0,000000,003304,3304
1300958,789000,01,3214,10067,0,000000,003304,1214
1302595,790000,01,3220,31361,0,000000,003304,1214
1304233,791000,43,3303,03332,0,000000,003304,3307
1305874,792000,02,4643,50002,0,000000,003304,1214
1307530,793000,43,3332,00006,0,000000,003304,3304
1309192,794000,16,2164,32156,1,000000,000000,0073
1310832,795000,43,3333,23361,1,000000,003304,3304
1312470,796000,43,3334,04635,0,000000,003304,3304
1314111,797000,01,3222,33224,0,003304,003304,1214
1315782,798000,05,3506,54016,0,166002,003304,0002
1317427,799000,01,3221,54001,0,003304,003304,1214
1319095,800000,33,0001,03304,0,166102,003304,5172
1320743,801000,43,3304,11362,0,166102,003304,0002
1322382,802000,02,4643,50002,0,000000,003304,1214
1324020,803000,02,4644,13214,0,000000,003304,1214
1325659,804000,01,3214,10067,0,000000,003304,1214
1327329,805000,02,5054,00006,0,000000,000000,3142
1328979,806000,02,4640,54004,0,003214,003304,0000
1330618,807000,02,4641,75012,0,003214,003304,0000
1332258,808000,02,5170,54006,0,166102,003304,1214
1333896,809000,02,5171,00001,0,166102,003304,1214
1335560,810000,43,3304,11362,0,166102,003304,0002
1337198,811000,43,3306,03303,0,000000,003304,0002
1338842,812000,43,3304,11362,0,166102,003304,0002
1340476,813000,01,3221,54001,0,003304,003304,1214
1342115,814000,01,3222,33224,0,003304,003304,1214
1343777,815000,02,5166,00006,0,166102,003304,1214
1345449,816000,43,3304,11362,0,166102,003304,0002
1347086,817000,02,4635,56002,0,000000,003304,3335
1348778,818000,43,3306,03303,0,000000,003304,0002
1350416,819000,43,3303,03332,0,000000,003304,3307
1352078,820000,43,3333,23361,1,000000,003304,3304
1353716,821000,43,3334,04635,0,000000,003304,3304
1355355,822000,02,4635,56002,0,000000,003304,3335
1356996,823000,01,3221,54001,0,003304,003304,1214
1358641,824000,43,3333,23361,1,000000,003304,3304
1360293,825000,17,2640,55740,0,000000,000000,4707
1361952,826000,43,3332,00006,0,000000,003304,3304
1363590,827000,43,3333,23361,1,000000,003304,3304
1365228,828000,43,3334,04635,0,000000,003304,3304
1366871,829000,01,3221,54001,0,003304,003304,1214
1368529,830000,01,3214,10067,0,000000,003304,1214
1370194,831000,01,3221,54001,0,003304,003304,1214
1371832,832000,02,5171,00001,0,166102,003304,1214
1373470,833000,33,0001,03304,0,166102,003304,5172
1375107,834000,43,3304,11362,0,166102,003304,0002
1376744,835000,02,4635,56002,0,000000,003304,3335
1378416,836000,06,3166,40002,0,000000,000000,0000
1380052,837000,02,4636,50000,0,003335,003304,0000
1381686,838000,33,0001,03304,0,166102,003304,5172
1383348,839000,01,3221,54001,0,003304,003304,1214
1384987,840000,01,3222,33224,0,003304,003304,1214
1386649,841000,02,5166,00006,0,166102,003304,1214
1388287,842000,43,3306,03303,0,000000,003304,0002
1389955,843000,01,3222,33224,0,003304,003304,1214
1391599,844000,01,3222,33224,0,003304,003304,1214
1393245,845000,33,0001,03304,0,166102,003304,5172
1394908,846000,02,4635,56002,0,000000,003304,3335
1396549,847000,02,4643,50002,0,000000,003304,1214
1398186,848000,01,3223,15166,0,166102,003304,1214
1399827,849000,02,4644,13214,0,000000,003304,1214
1401462,850000,02,4040,52011,0,000000,003304,3304
1403123,851000,02,4636,50000,0,003335,003304,0000
1404762,852000,02,5166,00006,0,166102,003304,1214
1406401,853000,02,5167,01007,1,166102,003304,1214
1408038,854000,02,4637,33335,0,003335,003304,0000
1409696,855000,43,3306,03303,0,000000,003304,0002
1411335,856000,02,4644,13214,0,000000,003304,1214
1412998,857000,43,3303,03332,0,000000,003304,3307
1414635,858000,02,4641,75012,0,003214,003304,0000
1416272,859000,01,3223,15166,0,166102,003304,1214
1417944,860000,02,5170,54006,0,166102,003304,1214
1419591,861000,43,3333,23361,1,000000,003304,3304
1421262,862000,02,4640,54004,0,003214,003304,0000
1422907,863000,05,3506,54016,0,002002,000000,1214
1424543,864000,02,4643,50002,0,000000,003304,1214
1426181,865000,02,4644,13214,0,000000,003304,1214
1427819,866000,01,3214,10067,0,000000,003304,1214
1429484,867000,02,5170,54006,0,166102,003304,1214
1431144,868000,01,3222,33224,0,003304,003304,1214
1432777,869000,02,4640,54004,0,003214,003304,0000
1434477,870000,01,3221,54001,0,003304,003304,1214
1436113,871000,43,3303,03332,0,000000,003304,3307
1437777,872000,43,3333,23361,1,000000,003304,3304
1439415,873000,43,3334,04635,0,000000,003304,3304
1441056,874000,05,3510,22012,1,166002,016000,0002
1442690,875000,02,4636,50000,0,003335,003304,0000
1444329,876000,02,4637,33335,0,003335,003304,0000
1445994,877000,02,4641,75012,0,003214,003304,0000
1447633,878000,02,5170,54006,0,166102,003304,1214
1449271,879000,02,5171,00001,0,166102,003304,1214
1450953,880000,40,3356,50143,0,005240,002077,3353
1452601,881000,02,4644,13214,0,000000,003304,1214
1454263,882000,16,2166,34755,0,002024,034106,0073
1455904,883000,02,5170,54006,0,166102,003304,1214
1457540,884000,43,3332,00006,0,000000,003304,3304
1459178,885000,43,3333,23361,1,000000,003304,3304
1460828,886000,43,3334,04635,0,000000,003304,3304
1462472,887000,43,3334,04635,0,000000,003304,3304
1464146,888000,02,4636,50000,0,003335,003304,0000
1465780,889000,33,0001,03304,0,166102,003304,5172
1467419,890000,43,3304,11362,0,166102,003304,0002
1469056,891000,02,4635,56002,0,000000,003304,3335
1470714,892000,02,5071,00002,0,037777,177777,3151
1472379,893000,02,4641,75012,0,003214,003304,0000
1474018,894000,02,4642,56002,0,001214,003304,0000
1475657,895000,02,4643,50002,0,000000,003304,1214
1477295,896000,01,3223,15166,0,166102,003304,1214
1478932,897000,43,3333,23361,1,000000,003304,3304
1480596,898000,02,4635,56002,0,000000,003304,3335
1482238,899000,43,3303,03332,0,000000,003304,3307
1483873,900000,05,0335,03523,0,000077,000000,3770
1485112,900737,31,0002,02133,0,001775,164001,2133
1485153,900761,31,0002,02427,0,004000,002355,2427
1485168,900770,31,0002,02430,0,000002,002355,2430
1485176,900775,31,0001,02355,0,000000,002355,2437
1485202,900790,31,0002,02427,0,004000,002362,2427
1485217,900799,31,0002,02430,0,000002,002362,2430
1485225,900804,31,0001,02362,0,000000,002362,2434
1485250,900818,31,0002,02446,0,004000,002362,2446
1485256,900822,31,0156,02366,0,000000,002362,2452
1485293,900845,31,0002,03033,0,000000,002367,3033
1485295,900847,31,0114,02500,0,000000,002367,3034
1485301,900852,31,0002,02501,0,000000,002367,2501
1485303,900854,31,0001,02367,0,000000,002367,2502
1485566,901000,40,3352,03354,0,003777,002367,0003
1486083,901293,31,0115,02422,0,177754,002367,3416
1486808,901702,31,0115,02422,0,177754,002367,3416
1487341,902000,40,3356,50143,0,004000,002367,3353
1487601,902150,31,0115,02422,0,177754,002367,3416
1487608,902155,31,0136,05155,0,000000,002367,2412
1489016,903000,01,3214,10067,0,000000,003304,1214
1490653,904000,43,3303,03332,0,000000,003304,3307
1492321,905000,01,3220,31361,0,000000,003304,1214
1493965,906000,02,5170,54006,0,166102,003304,1214
1495615,907000,02,4643,50002,0,000000,003304,1214
1497284,908000,02,5166,00006,0,166102,003304,1214
1498934,909000,02,4641,75012,0,003214,003304,0000
1500577,910000,01,3221,54001,0,003304,003304,1214
1502228,911000,02,4642,56002,0,001214,003304,0000
1503870,912000,02,4635,56002,0,000000,003304,3335
1505547,913000,05,3664,13701,0,000000,000100,3525
1507184,914000,02,4637,33335,0,003335,003304,0000
1508835,915000,33,0001,03304,0,166102,003304,5172
1510480,916000,01,3223,15166,0,166102,003304,1214
1512147,917000,01,3221,54001,0,003304,003304,1214
1513789,918000,02,4642,56002,0,001214,003304,0000
1515463,919000,43,3332,00006,0,000000,003304,3304
1517109,920000,02,5171,00001,0,166102,003304,1214
1518754,921000,02,4642,56002,0,001214,003304,0000
1520393,922000,02,4643,50002,0,000000,003304,1214
1522033,923000,02,5171,00001,0,166102,003304,1214
1523729,924000,43,3333,23361,1,000000,003304,3304
1525369,925000,02,4641,75012,0,003214,003304,0000
1527006,926000,05,3703,30001,0,000000,000000,3525
1528637,927000,43,3332,00006,0,000000,003304,3304
1530276,928000,43,3333,23361,1,000000,003304,3304
1531939,929000,02,4635,56002,0,000000,003304,3335
1533599,930000,33,0001,03304,0,166102,003304,5172
1535238,931000,43,3304,11362,0,166102,003304,0002
1536877,932000,02,4641,75012,0,003214,003304,0000
1538515,933000,02,4642,56002,0,001214,003304,0000
1540179,934000,43,3304,11362,0,166102,003304,0002
1541817,935000,43,3306,03303,0,000000,003304,0002
1543462,936000,43,3304,11362,0,166102,003304,0002
1545102,937000,02,4642,56002,0,001214,003304,0000
1546742,938000,01,3222,33224,0,003304,003304,1214
1548405,939000,02,5166,00006,0,166102,003304,1214
1550038,940000,05,3544,32323,0,002323,000000,0336
1551676,941000,01,3222,33224,0,003304,003304,1214
1553332,942000,02,4637,33335,0,003335,003304,0000
1554970,943000,02,4640,54004,0,003214,003304,0000
1556628,944000,16,3451,00006,0,000000,000000,4707
1558275,945000,01,3222,33224,0,003304,003304,1214
1559913,946000,01,3223,15166,0,166102,003304,1214
1561550,947000,43,3304,11362,0,166102,003304,0002
1563191,948000,02,4641,75012,0,003214,003304,0000
1564830,949000,02,4642,56002,0,001214,003304,0000
1566495,950000,01,3223,15166,0,166102,003304,1214
1568133,951000,43,3304,11362,0,166102,003304,0002
1569770,952000,02,4635,56002,0,000000,003304,3335
1571407,953000,05,3664,13701,0,000000,000000,0336
1573051,954000,02,5037,55076,0,040000,000000,3137
1574724,955000,43,3332,00006,0,000000,003304,3304
1576364,956000,02,4640,54004,0,003214,003304,0000
1578003,957000,01,3220,31361,0,000000,003304,1214
1579641,958000,43,3306,03303,0,000000,003304,0002
1581279,959000,43,3303,03332,0,000000,003304,3307
1582945,960000,01,3220,31361,0,000000,003304,1214
1584588,961000,01,3214,10067,0,000000,003304,1214
1586225,962000,43,3303,03332,0,000000,003304,3307
1587863,963000,43,3332,00006,0,000000,003304,3304
1589504,964000,01,3220,31361,0,000000,003304,1214
1591161,965000,02,4637,33335,0,003335,003304,0000
1592801,966000,02,5167,01007,1,166102,003304,1214
1594456,967000,02,5166,00006,0,166102,003304,1214
1596088,968000,43,3332,00006,0,000000,003304,3304
1597726,969000,02,4642,56002,0,001214,003304,0000
1599389,970000,02,5166,00006,0,166102,003304,1214
1601025,971000,43,3334,04635,0,000000,003304,3304
1602668,972000,01,3221,54001,0,003304,003304,1214
1604307,973000,43,3303,03332,0,000000,003304,3307
1605944,974000,43,3332,00006,0,000000,003304,3304
1607584,975000,02,4640,54004,0,003214,003304,0000
1609251,976000,01,3220,31361,0,000000,003304,1214
1610885,977000,05,3540,54334,0,002303,000000,0336
1612518,978000,33,0001,03304,0,166102,003304,5172
1614237,979000,02,5171,00001,0,166102,003304,1214
1615875,980000,02,4637,33335,0,003335,003304,0000
1617540,981000,02,4641,75012,0,003214,003304,0000
1619177,982000,02,4642,56002,0,001214,003304,0000
1620816,983000,02,4643,50002,0,000000,003304,1214
1622454,984000,02,4644,13214,0,000000,003304,1214
1624092,985000,01,3214,10067,0,000000,003304,1214
1625763,986000,43,3304,11362,0,166102,003304,0002
1627401,987000,43,3306,03303,0,000000,003304,0002
1629039,988000,43,3303,03332,0,000000,003304,3307
1630673,989000,01,3223,15166,0,166102,003304,1214
1632311,990000,02,5166,00006,0,166102,003304,1214
1633976,991000,02,5170,54006,0,166102,003304,1214
1635635,992000,01,3222,33224,0,003304,003304,1214
1637272,993000,33,0001,03304,0,166102,003304,5172
1638911,994000,43,3304,11362,0,166102,003304,0002
1640549,995000,43,3306,03303,0,000000,003304,0002
1642211,996000,02,4637,33335,0,003335,003304,0000
1643850,997000,02,4640,54004,0,003214,003304,0000
1645492,998000,02,5166,00006,0,166102,003304,1214
1647129,999000,43,3306,03303,0,000000,003304,0002
1648767,1000000,02,4636,50000,0,003335,003304,0000
1650418,1001000,17,2634,55752,0,000000,000000,4707
1652070,1002000,05,3704,00006,0,000000,000000,3525
1653702,1003000,02,4636,50000,0,003335,003304,0000
1655362,1004000,43,3304,11362,0,166102,003304,0002
1656999,1005000,02,4635,56002,0,000000,003304,3335
1658641,1006000,01,3221,54001,0,003304,003304,1214
1660305,1007000,01,3223,15166,0,166102,003304,1214
1661942,1008000,43,3334,04635,0,000000,003304,3304
1663584,1009000,01,3220,31361,0,000000,003304,1214
1665226,1010000,01,3214,10067,0,000000,003304,1214
1666863,1011000,43,3303,03332,0,000000,003304,3307
1668529,1012000,01,3220,31361,0,000000,003304,1214
1670167,1013000,01,3221,54001,0,003304,003304,1214
1671803,1014000,43,3333,23361,1,000000,003304,3304
1673440,1015000,05,3655,74357,0,003237,000000,3525
1675076,1016000,02,5170,54006,0,166102,003304,1214
1676758,1017000,43,3306,03303,0,000000,003304,0002
1678396,1018000,43,3303,03332,0,000000,003304,3307
1680036,1019000,01,3214,10067,0,000000,003304,1214
1681675,1020000,01,3220,31361,0,000000,003304,1214
1683314,1021000,01,3221,54001,0,003304,003304,1214
1684978,1022000,01,3223,15166,0,166102,003304,1214
1686617,1023000,43,3333,23361,1,000000,003304,3304
1688253,1024000,43,3334,04635,0,000000,003304,3304
1689896,1025000,01,3221,54001,0,003304,003304,1214
1691535,1026000,01,3222,33224,0,003304,003304,1214
1693196,1027000,16,2165,53275,0,002024,034106,0073
1694836,1028000,02,5167,01007,1,166102,003304,1214
1696494,1029000,02,4644,13214,0,000000,003304,1214
1698124,1030000,43,3334,04635,0,000000,003304,3304
1699763,1031000,02,4635,56002,0,000000,003304,3335
1701401,1032000,02,4636,50000,0,003335,003304,0000
1703100,1033000,02,4644,13214,0,000000,003304,1214
1704739,1034000,02,5166,00006,0,166102,003304,1214
1706384,1035000,01,3223,15166,0,166102,003304,1214
1708022,1036000,02,5166,00006,0,166102,003304,1214
1709661,1037000,02,5167,01007,1,166102,003304,1214
1711323,1038000,02,5171,00001,0,166102,003304,1214
1712961,1039000,33,0001,03304,0,166102,003304,5172
1714600,1040000,02,4640,54004,0,003214,003304,0000
1716237,1041000,02,5270,00006,0,000000,000000,3525
1717892,1042000,01,3221,54001,0,003304,003304,1214
1719553,1043000,43,3334,04635,0,000000,003304,3304
1721192,1044000,02,4635,56002,0,000000,003304,3335
1722830,1045000,02,4636,50000,0,003335,003304,0000
1724472,1046000,01,3223,15166,0,166102,003304,1214
1726110,1047000,43,3304,11362,0,166102,003304,0002
1727777,1048000,02,4642,56002,0,001214,003304,0000
1729417,1049000,01,3222,33224,0,003304,003304,1214
1731055,1050000,01,3223,15166,0,166102,003304,1214
1732691,1051000,02,5166,00006,0,166102,003304,1214
1734329,1052000,43,3306,03303,0,000000,003304,0002
1735992,1053000,43,3332,00006,0,000000,003304,3304
1737647,1054000,02,4642,56002,0,001214,003304,0000
1739285,1055000,02,4643,50002,0,000000,003304,1214
1740924,1056000,01,3223,15166,0,166102,003304,1214
1742562,1057000,02,5166,00006,0,166102,003304,1214
1744200,1058000,02,5167,01007,1,166102,003304,1214
1745862,1059000,43,3332,00006,0,000000,003304,3304
1747507,1060000,02,4636,50000,0,003335,003304,0000
1749147,1061000,02,4644,13214,0,000000,003304,1214
1750786,1062000,02,5166,00006,0,166102,003304,1214
1752424,1063000,43,3306,03303,0,000000,003304,0002
1754088,1064000,02,4637,33335,0,003335,003304,0000
1755726,1065000,01,3214,10067,0,000000,003304,1214
1757369,1066000,02,5052,71076,1,000000,000000,3142
1759016,1067000,02,4636,50000,0,003335,003304,0000
1760655,1068000,02,4637,33335,0,003335,003304,0000
1762320,1069000,02,5170,54006,0,166102,003304,1214
1763958,1070000,02,5171,00001,0,166102,003304,1214
1765596,1071000,02,4641,75012,0,003214,003304,0000
1767234,1072000,02,4642,56002,0,001214,003304,0000
1768874,1073000,02,4637,33335,0,003335,003304,0000
1770540,1074000,02,5170,54006,0,166102,003304,1214
1772173,1075000,43,3334,04635,0,000000,003304,3304
1773811,1076000,02,4644,13214,0,000000,003304,1214
1775446,1077000,05,3571,63611,1,000030,000000,0336
1777080,1078000,02,4644,13214,0,000000,003304,1214
1778761,1079000,02,4644,13214,0,000000,003304,1214
1780400,1080000,33,0001,03304,0,166102,003304,5172
1782040,1081000,02,4641,75012,0,003214,003304,0000
1783678,1082000,02,4642,56002,0,001214,003304,0000
1785317,1083000,02,4643,50002,0,000000,003304,1214
1786969,1084000,17,2645,57450,0,000000,000000,4707
1788627,1085000,02,5171,00001,0,166102,003304,1214
1790261,1086000,01,3214,10067,0,000000,003304,1214
1791960,1087000,02,5170,54006,0,166102,003304,1214
1793596,1088000,02,4040,52011,0,000000,003304,1214
1795231,1089000,33,0001,03304,0,166102,003304,5172
1796895,1090000,43,3306,03303,0,000000,003304,0002
1798555,1091000,01,3221,54001,0,003304,003304,1214
1800194,1092000,01,3222,33224,0,003304,003304,1214
1801832,1093000,01,3223,15166,0,166102,003304,1214
1803468,1094000,02,5166,00006,0,166102,003304,1214
1805132,1095000,02,4636,50000,0,003335,003304,0000
1806771,1096000,02,4637,33335,0,003335,003304,0000
1808409,1097000,02,4640,54004,0,003214,003304,0000
1810051,1098000,02,5166,00006,0,166102,003304,1214
1811690,1099000,02,5167,01007,1,166102,003304,1214
1813353,1100000,05,3660,26336,0,174001,000344,0336
1814986,1101000,02,5166,00006,0,166102,003304,1214
1816624,1102000,43,3306,03303,0,000000,003304,0002
1818262,1103000,43,3303,03332,0,000000,003304,3307
1819922,1104000,02,5166,00006,0,166102,003304,1214
1821585,1105000,43,3303,03332,0,000000,003304,3307
1823223,1106000,43,3332,00006,0,000000,003304,3304
1824862,1107000,43,3333,23361,1,000000,003304,3304
1826500,1108000,02,4641,75012,0,003214,003304,0000
1828140,1109000,01,3221,54001,0,003304,003304,1214
1829810,1110000,02,5170,54006,0,166102,003304,1214
1831447,1111000,02,5171,00001,0,166102,003304,1214
1833085,1112000,33,0001,03304,0,166102,003304,5172
1834722,1113000,43,3334,04635,0,000000,003304,3304
1836357,1114000,02,5170,54006,0,166102,003304,1214
1837994,1115000,02,4636,50000,0,003335,003304,0000
1839679,1116000,43,3304,11362,0,166102,003304,0002
1841319,1117000,02,4642,56002,0,001214,003304,0000
1842959,1118000,02,5170,54006,0,166102,003304,1214
1844597,1119000,02,5171,00001,0,166102,003304,1214
1846235,1120000,02,4641,75012,0,003214,003304,0000
1847899,1121000,33,0001,03304,0,166102,003304,5172
1849538,1122000,02,4640,54004,0,003214,003304,0000
1851178,1123000,02,5170,54006,0,166102,003304,1214
1852816,1124000,02,5171,00001,0,166102,003304,1214
1854453,1125000,02,4641,75012,0,003214,003304,0000
1856116,1126000,05,3765,02013,1,000100,034106,0073
1857749,1127000,43,3333,23361,1,000000,003304,3304
1859389,1128000,01,3221,54001,0,003304,003304,1214
1861046,1129000,02,4640,54004,0,003214,003304,0000
1862685,1130000,02,4641,75012,0,003214,003304,0000
1864350,1131000,02,4643,50002,0,000000,003304,1214
1865988,1132000,02,4644,13214,0,000000,003304,1214
1867627,1133000,01,3214,10067,0,000000,003304,1214
1869266,1134000,43,3306,03303,0,000000,003304,0002
1870909,1135000,43,3304,11362,0,166102,003304,0002
1872572,1136000,43,3303,03332,0,000000,003304,3307
1874210,1137000,05,3507,00006,0,002002,004165,1214
1875845,1138000,02,5166,00006,0,166102,003304,1214
1877483,1139000,02,5167,01007,1,166102,003304,1214
1879122,1140000,02,5170,54006,0,166102,003304,1214
1880785,1141000,02,4674,52073,0,000000,166002,2160
1882477,1142000,01,3223,15166,0,166102,003304,1214
1884114,1143000,43,3304,11362,0,166102,003304,0002
1885752,1144000,43,3306,03303,0,000000,003304,0002
1887390,1145000,43,3303,03332,0,000000,003304,3307
1889028,1146000,43,3332,00006,0,000000,003304,3304
1890697,1147000,01,3214,10067,0,000000,003304,1214
1892336,1148000,01,3220,31361,0,000000,003304,1214
1893965,1149000,02,4636,50000,0,003335,003304,0000
1895607,1150000,01,3222,33224,0,003304,003304,1214
1897245,1151000,01,3223,15166,0,166102,003304,1214
1898907,1152000,02,4636,50000,0,003335,003304,0000
1900545,1153000,02,4637,33335,0,003335,003304,0000
1902204,1154000,43,3306,03303,0,000000,003304,0002
1903845,1155000,02,4643,50002,0,000000,003304,1214
1905483,1156000,01,3223,15166,0,166102,003304,1214
1907147,1157000,02,5167,01007,1,166102,003304,1214
1908784,1158000,43,3303,03332,0,000000,003304,3307
1910422,1159000,43,3332,00006,0,000000,003304,3304
1912067,1160000,43,3303,03332,0,000000,003304,3307
1913704,1161000,05,3564,63560,0,013626,000000,0336
1915365,1162000,43,3306,03303,0,000000,003304,0002
1917001,1163000,43,3303,03332,0,000000,003304,3307
1918639,1164000,43,3332,00006,0,000000,003304,3304
1920279,1165000,02,4640,54004,0,003214,003304,0000
1921937,1166000,43,3306,03303,0,000000,003304,0002
1923599,1167000,16,2167,55472,0,000000,034106,0073
1925239,1168000,02,4640,54004,0,003214,003304,0000
1926879,1169000,01,3220,31361,0,000000,003304,1214
1928517,1170000,02,5170,54006,0,166102,003304,1214
1930153,1171000,43,3332,00006,0,000000,003304,3304
1931797,1172000,01,3223,15166,0,166102,003304,1214
1933460,1173000,43,3306,03303,0,000000,003304,0002
1935096,1174000,05,3564,63560,0,003441,036040,0336
1936732,1175000,33,0001,03304,0,166102,003304,5172
1938371,1176000,02,4640,54004,0,003214,003304,0000
1940008,1177000,02,4641,75012,0,003214,003304,0000
1941681,1178000,06,3136,05032,0,000000,000000,0003
1943332,1179000,01,3221,54001,0,003304,003304,1214
1944968,1180000,43,3333,23361,1,000000,003304,3304
1946605,1181000,43,3334,04635,0,000000,003304,3304
1948247,1182000,01,3222,33224,0,003304,003304,1214
1949908,1183000,02,4635,56002,0,000000,003304,3335
1951545,1184000,01,3214,10067,0,000000,003304,1214
1953187,1185000,02,5167,01007,1,166102,003304,1214
1954821,1186000,43,3333,23361,1,000000,003304,3304
1956458,1187000,05,3764,00006,0,000100,177777,0336
1958117,1188000,43,3333,23361,1,000000,003304,3304
1959758,1189000,01,3214,10067,0,000000,003304,1214
1961397,1190000,43,3306,03303,0,000000,003304,0002
1963055,1191000,01,3221,54001,0,003304,003304,1214
1964694,1192000,01,3222,33224,0,003304,003304,1214
1966357,1193000,43,3304,11362,0,166102,003304,0002
1967994,1194000,43,3334,04635,0,000000,003304,3304
1969632,1195000,02,5170,54006,0,166102,003304,1214
1971328,1196000,43,3333,23361,1,000000,003304,3304
1972970,1197000,05,3703,30001,0,000000,000000,0336
1974604,1198000,01,3220,31361,0,000000,003304,1214
1976269,1199000,01,3222,33224,0,003304,003304,1214
1977907,1200000,01,3223,15166,0,166102,003304,1214
1979545,1201000,02,5166,00006,0,166102,003304,1214
1981184,1202000,02,5167,01007,1,166102,003304,1214
1982842,1203000,02,4644,13214,0,000000,003304,1214
1984507,1204000,43,3306,03303,0,000000,003304,0002
1986145,1205000,43,3303,03332,0,000000,003304,3307
1987781,1206000,43,3332,00006,0,000000,003304,3304
1989420,1207000,43,3333,23361,1,000000,003304,3304
1991058,1208000,43,3334,04635,0,000000,003304,3304
1992724,1209000,02,4643,50002,0,000000,003304,1214
1994367,1210000,02,5272,30016,0,000000,000000,1214
1996000,1211000,02,4637,33335,0,003335,003304,0000
1997638,1212000,02,4640,54004,0,003214,003304,0000
1999277,1213000,02,4641,75012,0,003214,003304,0000
2000943,1214000,01,3222,33224,0,003304,003304,1214
2002581,1215000,01,3223,15166,0,166102,003304,1214
2004238,1216000,02,4641,75012,0,003214,003304,0000
2005878,1217000,01,3221,54001,0,003304,003304,1214
2007516,1218000,02,5171,00001,0,166102,003304,1214
2009178,1219000,43,3334,04635,0,000000,003304,3304
2010815,1220000,02,4635,56002,0,000000,003304,3335
2012454,1221000,02,4636,50000,0,003335,003304,0000
2014097,1222000,02,5171,00001,0,166102,003304,1214
2015730,1223000,05,3565,00006,0,002224,166102,0336
2017386,1224000,17,2656,61752,0,000000,000000,4707
2019031,1225000,43,3303,03332,0,000000,003304,3307
2020671,1226000,02,4644,13214,0,000000,003304,1214
2022310,1227000,33,0001,03304,0,166102,003304,5172
2023970,1228000,01,3221,54001,0,003304,003304,1214
2025606,1229000,43,3333,23361,1,000000,003304,3304
2027273,1230000,01,3222,33224,0,003304,003304,1214
2028911,1231000,01,3223,15166,0,166102,003304,1214
2030547,1232000,02,4635,56002,0,000000,003304,3335
2032184,1233000,02,4636,50000,0,003335,003304,0000
2033831,1234000,01,3222,33224,0,003304,003304,1214
2035494,1235000,02,5166,00006,0,166102,003304,1214
2037130,1236000,02,5270,00006,0,000000,000000,0336
2038764,1237000,33,0001,03304,0,166102,003304,5172
2040403,1238000,43,3304,11362,0,166102,003304,0002
2042041,1239000,43,3306,03303,0,000000,003304,0002
2043703,1240000,43,3332,00006,0,000000,003304,3304
2045364,1241000,01,3223,15166,0,166102,003304,1214
2047002,1242000,02,5166,00006,0,166102,003304,1214
2048640,1243000,02,4635,56002,0,000000,003304,3335
2050279,1244000,02,4636,50000,0,003335,003304,0000
2051944,1245000,02,4640,54004,0,003214,003304,0000
2053583,1246000,02,4641,75012,0,003214,003304,0000
2055223,1247000,02,5167,01007,1,166102,003304,1214
2056862,1248000,02,5170,54006,0,166102,003304,1214
2058499,1249000,02,5171,00001,0,166102,003304,1214
2060155,1250000,02,5270,00006,0,037766,034106,0073
2061829,1251000,02,5167,01007,1,166102,003304,1214
2063466,1252000,43,3303,03332,0,000000,003304,3307
2065126,1253000,02,5166,00006,0,166102,003304,1214
2066764,1254000,02,5167,01007,1,166102,003304,1214
2068403,1255000,02,5170,54006,0,166102,003304,1214
2070066,1256000,33,0001,03304,0,166102,003304,5172
2071705,1257000,43,3304,11362,0,166102,003304,0002
2073344,1258000,02,4641,75012,0,003214,003304,0000
2074988,1259000,02,4640,54004,0,003214,003304,0000
2076628,1260000,02,5170,54006,0,166102,003304,1214
2078289,1261000,33,0001,03304,0,166102,003304,5172
2079926,1262000,05,3655,74357,0,000376,000210,3525
2081562,1263000,01,3221,54001,0,003304,003304,1214
2083198,1264000,43,3332,00006,0,000000,003304,3304
2084838,1265000,02,4640,54004,0,003214,003304,0000
2086521,1266000,43,3303,03332,0,000000,003304,3307
2088160,1267000,02,4637,33335,0,003335,003304,0000
2089798,1268000,02,4640,54004,0,003214,003304,0000
2091437,1269000,02,4641,75012,0,003214,003304,0000
2093077,1270000,01,3221,54001,0,003304,003304,1214
2094741,1271000,01,3223,15166,0,166102,003304,1214
2096380,1272000,43,3333,23361,1,000000,003304,3304
2098020,1273000,02,4641,75012,0,003214,003304,0000
2099655,1274000,05,3656,54001,0,000236,000000,3525
2101288,1275000,43,3332,00006,0,000000,003304,3304
2102952,1276000,43,3334,04635,0,000000,003304,3304
2104593,1277000,02,4642,56002,0,001214,003304,0000
2106251,1278000,02,4640,54004,0,003214,003304,0000
2107890,1279000,01,3220,31361,0,000000,003304,1214
2109529,1280000,02,5170,54006,0,166102,003304,1214
2111173,1281000,16,2041,02000,0,007777,166002,0336
2112830,1282000,02,4641,75012,0,003214,003304,0000
2114470,1283000,01,3221,54001,0,003304,003304,1214
2116114,1284000,43,3304,11362,0,166102,003304,0002
2117752,1285000,43,3306,03303,0,000000,003304,0002
2119391,1286000,02,5275,00003,0,000000,003304,1214
2121048,1287000,02,4635,56002,0,000000,003304,3335
2122687,1288000,02,4636,50000,0,003335,003304,0000
2124325,1289000,02,5166,00006,0,166102,003304,1214
2125970,1290000,02,5034,15036,0,020000,000000,3137
2127622,1291000,02,5171,00001,0,166102,003304,1214
2129286,1292000,02,4642,56002,0,001214,003304,0000
2130921,1293000,02,5166,00006,0,166102,003304,1214
2132555,1294000,43,3332,00006,0,000000,003304,3304
2134193,1295000,02,4642,56002,0,001214,003304,0000
2135830,1296000,01,3223,15166,0,166102,003304,1214
2137497,1297000,01,3214,10067,0,000000,003304,1214
2139136,1298000,43,3306,03303,0,000000,003304,0002
2140775,1299000,05,3703,30001,0,000000,000000,3525
2142409,1300000,01,3223,15166,0,166102,003304,1214
2144047,1301000,02,5166,00006,0,166102,003304,1214
2145710,1302000,43,3303,03332,0,000000,003304,3307
2147369,1303000,33,0001,03304,0,166102,003304,5172
2149005,1304000,01,3220,31361,0,000000,003304,1214
2150703,1305000,02,5171,00001,0,166102,003304,1214
2152341,1306000,02,4637,33335,0,003335,003304,0000
2154003,1307000,16,2171,55474,0,000000,034106,0073
2155644,1308000,02,4642,56002,0,001214,003304,0000
2157288,1309000,02,4641,75012,0,003214,003304,0000
2158926,1310000,02,4642,56002,0,001214,003304,0000
2160557,1311000,43,3332,00006,0,000000,003304,3304
2162196,1312000,43,3333,23361,1,000000,003304,3304
2163864,1313000,01,3221,54001,0,003304,003304,1214
2165503,1314000,01,3222,33224,0,003304,003304,1214
2167159,1315000,02,4640,54004,0,003214,003304,0000
2168798,1316000,02,4641,75012,0,003214,003304,0000
2170435,1317000,02,4642,56002,0,001214,003304,0000
2172100,1318000,01,3223,15166,0,166102,003304,1214
2173738,1319000,43,3304,11362,0,166102,003304,0002
2175376,1320000,43,3306,03303,0,000000,003304,0002
2177013,1321000,43,3303,03332,0,000000,003304,3307
2178657,1322000,01,3222,33224,0,003304,003304,1214
2180316,1323000,02,4043,13506,0,166002,034106,0000
2181952,1324000,02,4642,56002,0,001214,003304,0000
2183591,1325000,02,4643,50002,0,000000,003304,1214
2185230,1326000,01,3223,15166,0,166102,003304,1214
2186868,1327000,43,3304,11362,0,166102,003304,0002
2188552,1328000,33,0001,03304,0,166102,003304,5172
2190191,1329000,43,3304,11362,0,166102,003304,0002
2191829,1330000,43,3306,03303,0,000000,003304,0002
2193465,1331000,02,4636,50000,0,003335,003304,0000
2195107,1332000,01,3222,33224,0,003304,003304,1214
2196770,1333000,02,5275,00003,0,166102,003304,1214
2198408,1334000,02,4640,54004,0,003214,003304,0000
2200048,1335000,02,5167,01007,1,166102,003304,1214
2201685,1336000,02,4635,56002,0,000000,003304,3335
2203324,1337000,02,4636,50000,0,003335,003304,0000
2204963,1338000,02,5166,00006,0,166102,003304,1214
2206626,1339000,02,4637,33335,0,003335,003304,0000
2208285,1340000,33,0001,03304,0,166102,003304,5172
2209924,1341000,02,4642,56002,0,001214,003304,0000
2211563,1342000,02,4643,50002,0,000000,003304,1214
2213201,1343000,43,3304,11362,0,166102,003304,0002
2214864,1344000,43,3303,03332,0,000000,003304,3307
2216502,1345000,01,3214,10067,0,000000,003304,1214
2218142,1346000,02,4042,56006,0,012100,016000,1214
2219777,1347000,01,3221,54001,0,003304,003304,1214
2221415,1348000,01,3222,33224,0,003304,003304,1214
2223078,1349000,02,5166,00006,0,166102,003304,1214
2224717,1350000,02,5167,01007,1,166102,003304,1214
2226356,1351000,02,5170,54006,0,166102,003304,1214
2227993,1352000,02,4637,33335,0,003335,003304,0000
2229652,1353000,43,3306,03303,0,000000,003304,0002
2231315,1354000,43,3332,00006,0,000000,003304,3304
2232954,1355000,43,3333,23361,1,000000,003304,3304
2234592,1356000,43,3334,04635,0,000000,003304,3304
2236231,1357000,02,4635,56002,0,000000,003304,3335
2237869,1358000,02,4636,50000,0,003335,003304,0000
2239558,1359000,05,3634,50337,0,000000,000000,0336
2241203,1360000,43,3332,00006,0,000000,003304,3304
2242843,1361000,02,4640,54004,0,003214,003304,0000
2244482,1362000,02,4641,75012,0,003214,003304,0000
2246120,1363000,02,4642,56002,0,001214,003304,0000
2247772,1364000,17,2647,00006,0,000000,000000,4707
2249440,1365000,43,3334,04635,0,000000,003304,3304
2251078,1366000,02,4635,56002,0,000000,003304,3335
2252720,1367000,01,3221,54001,0,003304,003304,1214
2254359,1368000,01,3222,33224,0,003304,003304,1214
2255994,1369000,43,3334,04635,0,000000,003304,3304
2257659,1370000,02,4636,50000,0,003335,003304,0000
2259303,1371000,01,3222,33224,0,003304,003304,1214
2260939,1372000,02,5271,22012,1,021316,021316,0336
2262573,1373000,02,5167,01007,1,166102,003304,1214
2264210,1374000,43,3303,03332,0,000000,003304,3307
2265874,1375000,43,3333,23361,1,000000,003304,3304
2267513,1376000,02,4641,75012,0,003214,003304,0000
2269152,1377000,02,4642,56002,0,001214,003304,0000
2270809,1378000,43,3333,23361,1,000000,003304,3304
2272449,1379000,02,4641,75012,0,003214,003304,0000
2274113,1380000,02,4643,50002,0,000000,003304,1214
2275751,1381000,02,4644,13214,0,000000,003304,1214
2277390,1382000,02,5166,00006,0,166102,003304,1214
2279029,1383000,02,5167,01007,1,166102,003304,1214
2280673,1384000,02,5166,00006,0,166102,003304,1214
2282332,1385000,02,4643,50002,0,000000,003304,1214
2283971,1386000,01,3223,15166,0,166102,003304,1214
2285607,1387000,43,3304,11362,0,166102,003304,0002
2287244,1388000,02,4635,56002,0,000000,003304,3335
2288885,1389000,02,4643,50002,0,000000,003304,1214
2290568,1390000,02,5276,50017,0,003214,003304,0000
2292207,1391000,01,3220,31361,0,000000,003304,1214
2293846,1392000,02,5170,54006,0,166102,003304,1214
2295483,1393000,02,4636,50000,0,003335,003304,0000
2297121,1394000,02,4637,33335,0,003335,003304,0000
2298761,1395000,02,5167,01007,1,166102,003304,1214
2300426,1396000,02,4636,50000,0,003335,003304,0000
2302063,1397000,05,3671,24337,0,004031,000000,0336
2303699,1398000,02,4642,56002,0,001214,003304,0000
2305338,1399000,02,4643,50002,0,000000,003304,1214
2306974,1400000,43,3304,11362,0,166102,003304,0002
2308638,1401000,02,4644,13214,0,000000,003304,1214
2310278,1402000,06,3132,30034,0,000001,000000,2014
2311931,1403000,02,5170,54006,0,166102,003304,1214
2313563,1404000,43,3334,04635,0,000000,003304,3304
2315203,1405000,02,4643,50002,0,000000,003304,1214
2316867,1406000,33,0001,03304,0,166102,003304,5172
2318506,1407000,02,4641,75012,0,003214,003304,0000
2320145,1408000,02,4642,56002,0,001214,003304,0000
2321789,1409000,02,4641,75012,0,003214,003304,0000
2323425,1410000,02,4040,52011,0,000000,003304,3307
2325086,1411000,02,4640,54004,0,003214,003304,0000
2326727,1412000,01,3214,10067,0,000000,003304,1214
2328360,1413000,02,4635,56002,0,000000,003304,3335
2330060,1414000,02,4644,13214,0,000000,003304,1214
2331717,1415000,01,3214,10067,0,000000,003304,1214
2333382,1416000,01,3221,54001,0,003304,003304,1214
2335021,1417000,01,3222,33224,0,003304,003304,1214
2336659,1418000,01,3223,15166,0,166102,003304,1214
2338296,1419000,02,5166,00006,0,166102,003304,1214
2339935,1420000,02,5167,01007,1,166102,003304,1214
2341571,1421000,05,3523,10336,0,000077,016000,0336
2343234,1422000,02,4640,54004,0,003214,003304,0000
2344873,1423000,02,4641,75012,0,003214,003304,0000
2346512,1424000,02,4642,56002,0,001214,003304,0000
2348151,1425000,02,4643,50002,0,000000,003304,1214
2349789,1426000,02,4644,13214,0,000000,003304,1214
2351474,1427000,02,4643,50002,0,000000,003304,1214
2353113,1428000,01,3223,15166,0,166102,003304,1214
2354749,1429000,02,5166,00006,0,166102,003304,1214
2356388,1430000,02,5167,01007,1,166102,003304,1214
2358025,1431000,43,3303,03332,0,000000,003304,3307
2359689,1432000,43,3333,23361,1,000000,003304,3304
2361326,1433000,43,3334,04635,0,000000,003304,3304
2362972,1434000,02,4640,54004,0,003214,003304,0000
2364610,1435000,05,3506,54016,0,002002,000000,1214
2366242,1436000,02,4636,50000,0,003335,003304,0000
2367908,1437000,01,3214,10067,0,000000,003304,1214
2369547,1438000,01,3220,31361,0,000000,003304,1214
2371186,1439000,01,3221,54001,0,003304,003304,1214
2372844,1440000,02,4643,50002,0,000000,003304,1214
2374483,1441000,02,5171,00001,0,166102,003304,1214
2376147,1442000,43,3304,11362,0,166102,003304,0002
2377785,1443000,02,4642,56002,0,001214,003304,0000
2379425,1444000,02,5170,54006,0,166102,003304,1214
2381063,1445000,02,5171,00001,0,166102,003304,1214
2382703,1446000,02,5275,00003,0,166102,003304,1214
2384356,1447000,02,4705,50002,0,000000,000000,1446
2386000,1448000,43,3304,11362,0,166102,003304,0002
2387638,1449000,43,3306,03303,0,000000,003304,0002
2389276,1450000,02,4644,13214,0,000000,003304,1214
2390915,1451000,01,3214,10067,0,000000,003304,1214
2392574,1452000,01,3223,15166,0,166102,003304,1214
2394238,1453000,02,5167,01007,1,166102,003304,1214
2395875,1454000,02,4637,33335,0,003335,003304,0000
2397514,1455000,02,4640,54004,0,003214,003304,0000
2399153,1456000,02,4641,75012,0,003214,003304,0000
2400790,1457000,02,4642,56002,0,001214,003304,0000
2402460,1458000,02,4642,56002,0,001214,003304,0000
2404099,1459000,02,4643,50002,0,000000,003304,1214
2405735,1460000,05,3704,00006,0,005265,005265,0336
2407371,1461000,01,3220,31361,0,000000,003304,1214
2409010,1462000,01,3221,54001,0,003304,003304,1214
2410674,1463000,01,3223,15166,0,166102,003304,1214
2412311,1464000,02,5166,00006,0,166102,003304,1214
2413969,1465000,02,4642,56002,0,001214,003304,0000
2415608,1466000,02,4643,50002,0,000000,003304,1214
2417245,1467000,02,4644,13214,0,000000,003304,1214
2418943,1468000,02,5166,00006,0,166102,003304,1214
2420581,1469000,43,3306,03303,0,000000,003304,0002
2422219,1470000,43,3303,03332,0,000000,003304,3307
2423860,1471000,02,4643,50002,0,000000,003304,1214
2425498,1472000,05,3705,01035,1,000000,000000,3525
2427155,1473000,02,4635,56002,0,000000,003304,3335
2428793,1474000,02,4636,50000,0,003335,003304,0000
2430432,1475000,02,4637,33335,0,003335,003304,0000
2432073,1476000,01,3223,15166,0,166102,003304,1214
2433731,1477000,02,4642,56002,0,001214,003304,0000
2435368,1478000,33,0001,03304,0,166102,003304,5172
2437032,1479000,43,3306,03303,0,000000,003304,0002
2438670,1480000,43,3303,03332,0,000000,003304,3307
2440311,1481000,02,4644,13214,0,000000,003304,1214
2441950,1482000,02,5166,00006,0,166102,003304,1214
2443595,1483000,01,3223,15166,0,166102,003304,1214
2445258,1484000,43,3306,03303,0,000000,003304,0002
2446894,1485000,43,3303,03332,0,000000,003304,3307
2448531,1486000,05,3511,13763,0,002002,000000,3525
2450167,1487000,02,5166,00006,0,166102,003304,1214
2451804,1488000,43,3306,03303,0,000000,003304,0002
2453467,1489000,43,3332,00006,0,000000,003304,3304
2455128,1490000,01,3223,15166,0,166102,003304,1214
2456766,1491000,43,3304,11362,0,166102,003304,0002
2458403,1492000,43,3306,03303,0,000000,003304,0002
2460041,1493000,43,3303,03332,0,000000,003304,3307
2461706,1494000,02,4640,54004,0,003214,003304,0000
2463346,1495000,01,3220,31361,0,000000,003304,1214
2464985,1496000,02,4635,56002,0,000000,003304,3335
2466626,1497000,02,4643,50002,0,000000,003304,1214
2468263,1498000,01,3223,15166,0,166102,003304,1214
2469923,1499000,05,3546,24334,0,001301,034106,0336
2471561,1500000,01,3222,33224,0,003304,003304,1214
2473198,1501000,33,0001,03304,0,166102,003304,5172
2474856,1502000,43,3306,03303,0,000000,003304,0002
2476494,1503000,43,3303,03332,0,000000,003304,3307
2478141,1504000,17,2627,00006,0,000000,002002,4707
2479799,1505000,01,3221,54001,0,003304,003304,1214
2481434,1506000,43,3333,23361,1,000000,003304,3304
2483072,1507000,43,3334,04635,0,000000,003304,3304
2484719,1508000,01,3220,31361,0,000000,003304,1214
2486355,1509000,43,3332,00006,0,000000,003304,3304
2488019,1510000,02,4643,50002,0,000000,003304,1214
2489655,1511000,02,5167,01007,1,166102,003304,1214
2491286,1512000,02,4643,50002,0,000000,003304,1214
2492922,1513000,02,5167,01007,1,166102,003304,1214
2494562,1514000,06,3132,30034,0,000000,177777,2014
2496241,1515000,43,3334,04635,0,000000,003304,3304
2497883,1516000,01,3221,54001,0,003304,003304,1214
2499522,1517000,01,3222,33224,0,003304,003304,1214
2501160,1518000,01,3223,15166,0,166102,003304,1214
2502797,1519000,43,3304,11362,0,166102,003304,0002
2504461,1520000,02,4635,56002,0,000000,003304,3335
2506099,1521000,02,4636,50000,0,003335,003304,0000
2507777,1522000,05,3637,13622,0,003460,000000,0336
2509430,1523000,02,4635,56002,0,000000,003304,3335
2511072,1524000,01,3221,54001,0,003304,003304,1214
2512736,1525000,01,3223,15166,0,166102,003304,1214
2514374,1526000,02,5166,00006,0,166102,003304,1214
2516031,1527000,02,4643,50002,0,000000,003304,1214
2517669,1528000,02,4644,13214,0,000000,003304,1214
2519308,1529000,01,3214,10067,0,000000,003304,1214
2520972,1530000,43,3303,03332,0,000000,003304,3307
2522609,1531000,43,3332,00006,0,000000,003304,3304
2524248,1532000,43,3333,23361,1,000000,003304,3304
2525892,1533000,43,3332,00006,0,000000,003304,3304
2527530,1534000,43,3333,23361,1,000000,003304,3304
2529170,1535000,02,4641,75012,0,003214,003304,0000
2530827,1536000,43,3332,00006,0,000000,003304,3304
2532467,1537000,02,4640,54004,0,003214,003304,0000
2534106,1538000,02,4641,75012,0,003214,003304,0000
2535764,1539000,43,3306,03303,0,000000,003304,0002
2537402,1540000,02,4636,50000,0,003335,003304,0000
2539065,1541000,02,4640,54004,0,003214,003304,0000
2540704,1542000,02,4641,75012,0,003214,003304,0000
2542344,1543000,01,3221,54001,0,003304,003304,1214
2543981,1544000,02,5171,00001,0,166102,003304,1214
2545618,1545000,43,3333,23361,1,000000,003304,3304
2547287,1546000,01,3220,31361,0,000000,003304,1214
2548926,1547000,01,3221,54001,0,003304,003304,1214
2550563,1548000,02,5171,00001,0,166102,003304,1214
2552196,1549000,01,3214,10067,0,000000,003304,1214
2553835,1550000,43,3304,11362,0,166102,003304,0002
2555498,1551000,43,3303,03332,0,000000,003304,3307
2557157,1552000,43,3334,04635,0,000000,003304,3304
2558799,1553000,01,3220,31361,0,000000,003304,1214
